tid,mjd,candid,fid,pid,diffmaglim,isdiffpos,nid,distnr,magpsf,magpsf_corr,magap,sigmapsf,sigmapsf_corr,sigmapsf_corr_ext,sigmagap,ra,dec,rb,rbversion,magapbig,sigmagapbig,has_stamp,corrected,dubious,step_id_corr,phase,parent_candid,drb,rfid,oid
ztf,58365.475034699775,611475035815010002,1,611475035815,20.5603,-1,611,0.533058,20.125,16.552706,20.1084,0.330419,100.0,0.012306854,0.2798,59.898802,50.278119,0.52,t12_f5_c3,20.0101,0.3139,False,True,False,bulk_1.0.0,0.0,6.13465865815015e+17,,,ZTF17aaaaaal
ztf,58367.46586810006,613465865815015018,1,613465865815,20.999924,1,613,0.610792,18.851116,16.393763,18.8937,0.16431487,0.0014989467,0.017089747,0.0761,59.899284,50.2782066,0.57,t8_f5_c3,18.8971,0.0903,False,True,False,bulk_1.0.0,0.0,6.18454235815015e+17,0.0,742120158.0,ZTF17aaaaaal
ztf,58372.45423609996,618454235815015021,1,618454235815,21.001324,1,618,0.2750444,19.14897,16.4212,19.1905,0.15445831,100.0,0.012522852,0.0945,59.899156,50.2781443,0.61,t8_f5_c3,19.0919,0.1018,True,True,False,bulk_1.0.0,0.0,0.0,0.0,742120158.0,ZTF17aaaaaal
ztf,58429.42415509978,675424155815015029,1,675424155815,20.928917,1,675,0.2084385,18.802189,16.38857,19.1363,0.20548435,0.014422617,0.02225007,0.0938,59.8990493,50.2780901,0.47666666,t8_f5_c3,19.2434,0.1219,False,True,False,bulk_1.0.0,0.0,7.0135853581501e+17,0.0,742120158.0,ZTF17aaaaaal
ztf,58434.40796299977,680407965815015046,1,680407965815,20.245975,1,680,0.5570912,18.905378,16.399282,19.0835,0.19011359,0.008038764,0.018904911,0.1015,59.8988952,50.2782805,0.6166667,t8_f5_c3,18.9702,0.1109,False,True,False,bulk_1.0.0,0.0,7.0135853581501e+17,0.0,742120158.0,ZTF17aaaaaal
ztf,58450.35199069977,696351995815010008,2,696351995815,19.869883,-1,696,0.089397326,18.487768,15.748805,19.052,0.15242822,100.0,0.012231512,0.1905,59.8990133,50.2781236,0.63666666,t8_f5_c3,19.048,0.2358,False,True,False,bulk_1.0.0,0.0,7.2031702581501e+17,0.0,742120258.0,ZTF17aaaaaal
ztf,58455.35853009997,701358535815010002,2,701358535815,20.408705,-1,701,0.47552377,18.451986,15.751728,18.6776,0.096324675,100.0,0.008010033,0.0961,59.8988459,50.2780956,0.54,t8_f5_c3,18.6267,0.1104,False,True,False,bulk_1.0.0,0.0,7.2031702581501e+17,0.0,742120258.0,ZTF17aaaaaal
ztf,58456.216006900184,702216005815010005,2,702216005815,20.177778,-1,702,0.35548624,18.35154,15.760515,18.5823,0.092251875,100.0,0.008483309,0.0884,59.8989699,50.2780492,0.68,t8_f5_c3,18.4744,0.0965,False,True,False,bulk_1.0.0,0.0,7.2031702581501e+17,0.0,742120258.0,ZTF17aaaaaal
ztf,58456.270717599895,702270715815010009,2,702270715815,20.503155,-1,702,0.24591157,18.482641,15.749217,18.606,0.13220143,100.0,0.010662687,0.0866,59.898985,50.278192,0.5566667,t8_f5_c3,18.6485,0.1081,False,True,False,bulk_1.0.0,0.0,7.2031702581501e+17,0.0,742120258.0,ZTF17aaaaaal
ztf,58462.29708330007,708297085815015009,2,708297085815,19.341759,1,708,0.39020443,18.256762,15.569547,18.5485,0.13278031,100.0,0.011175009,0.2228,59.8991322,50.2780405,0.61,t8_f5_c3,18.4682,0.2602,False,True,False,bulk_1.0.0,0.0,7.2031702581501e+17,0.0,742120258.0,ZTF17aaaaaal
ztf,58465.26181709999,711261815815010002,2,711261815815,20.343231,-1,711,0.31657645,18.47502,15.749835,18.6106,0.15186337,100.0,0.012341816,0.09,59.898909,50.2781188,0.5233333,t8_f5_c3,18.528,0.1007,False,True,False,bulk_1.0.0,0.0,7.2031702581501e+17,0.0,742120258.0,ZTF17aaaaaal
ztf,58469.18366899993,715183665815010001,1,715183665815,19.5612,-1,715,0.706605,19.6303,16.5763,19.7166,0.495179,0.021865353,0.029727757,0.5093,59.898772,50.2780368,0.49,t12_f5_c3,19.325,0.4521,False,True,False,bulk_1.0.0,0.0,7.2031702581501e+17,,,ZTF17aaaaaal
ztf,58474.317025499884,720317025815010002,2,720317025815,19.257902,-1,720,0.4255164,18.428041,15.753743,19.1197,0.18899065,100.0,0.016096113,0.3416,59.8989412,50.278237,0.56666666,t8_f5_c3,19.1014,0.4273,False,True,False,bulk_1.0.0,0.0,7.27309795815015e+17,0.0,742120258.0,ZTF17aaaaaal
ztf,58481.2762616002,727276265815015027,1,727276265815,20.1906,1,727,0.416805,19.4575,16.443195,20.0097,0.226758,100.0,0.0141201895,0.2441,59.8989007,50.2782347,0.55,t12_f5_c3,19.7289,0.2308,False,True,False,bulk_1.0.0,0.0,7.51119805815015e+17,,,ZTF17aaaaaal
ztf,58481.30979169998,727309795815015033,2,727309795815,20.209688,1,727,0.17999826,18.37003,15.578637,18.2594,0.094181575,100.0,0.0072012707,0.0692,59.8990935,50.278092,0.68333334,t8_f5_c3,18.2973,0.0858,False,True,False,bulk_1.0.0,0.0,7.51119805815015e+17,0.0,742120258.0,ZTF17aaaaaal
ztf,58482.19263890013,728192635815015040,2,728192635815,19.978838,1,728,0.31973946,17.880074,15.532296,17.8528,0.0955299,100.0,0.010990775,0.0503,59.8989389,50.2781964,0.66,t8_f5_c3,17.8136,0.0582,False,True,False,bulk_1.0.0,0.0,7.51119805815015e+17,0.0,742120258.0,ZTF17aaaaaal
ztf,58486.13343749987,732133435815015031,2,732133435815,20.334644,1,732,0.61739457,18.333145,15.575772,18.2196,0.16197702,100.0,0.01277922,0.0669,59.8990611,50.2783097,0.51,t8_f5_c3,18.221,0.0804,False,True,False,bulk_1.0.0,0.0,7.51119805815015e+17,0.0,742120258.0,ZTF17aaaaaal
ztf,58491.202673600055,737202675815015018,1,737202675815,20.773653,1,737,0.11236974,19.144196,16.420813,19.1805,0.1509661,100.0,0.012289264,0.1075,59.8990494,50.2781196,0.6166667,t8_f5_c3,19.1009,0.1201,False,True,False,bulk_1.0.0,0.0,7.51119805815015e+17,0.0,742120158.0,ZTF17aaaaaal
ztf,58493.25843749987,739258435815010003,2,739258435815,20.482483,-1,739,0.25107187,18.399073,15.756247,18.6312,0.08775539,100.0,0.007693844,0.0898,59.8990902,50.2780714,0.25857142,t8_f5_c3,18.5621,0.1013,False,True,False,bulk_1.0.0,0.0,7.51119805815015e+17,0.0,742120258.0,ZTF17aaaaaal
ztf,58505.11980320001,751119805815015012,2,751119805815,19.676289,1,751,0.043929838,18.320911,15.574802,18.2491,0.12055427,100.0,0.009610345,0.1005,59.8990594,50.2781274,0.56,t15_f5_c3,18.1183,0.1111,False,True,False,bulk_1.0.0,0.0,7.5421486581501e+17,0.0,742120258.0,ZTF17aaaaaal
ztf,58507.22303240001,753223035815010003,2,753223035815,19.9859,-1,753,0.673528,18.2774,15.767594,18.8739,0.21337,0.0132405935,0.021145176,0.1515,59.899135,50.2779567,0.204286,t15_f5_c3,18.9545,0.2022,False,True,False,bulk_1.0.0,0.0,7.5421486581501e+17,,,ZTF17aaaaaal
ztf,58508.214861100074,754214865815010005,2,754214865815,20.03351,-1,754,0.78264356,18.115185,15.785072,18.5253,0.10579633,100.0,0.012371594,0.0861,59.899184,50.2779345,0.40857142,t15_f5_c3,18.4603,0.0981,False,True,False,bulk_1.0.0,0.0,7.56179645815015e+17,0.0,742120258.0,ZTF17aaaaaal
ztf,58510.17964120023,756179645815015026,1,756179645815,20.118647,1,756,0.21304931,19.135635,16.420113,19.3254,0.20622328,100.0,0.016909411,0.1502,59.8991086,50.2781197,0.5371429,t15_f5_c3,19.29,0.1784,False,True,False,bulk_1.0.0,0.0,7.6919519581501e+17,0.0,742120158.0,ZTF17aaaaaal
ztf,58510.21839120006,756218395815015008,2,756218395815,18.648838,1,756,0.25267467,18.01113,15.546594,17.7276,0.17075534,0.011417079,0.01764249,0.1187,59.8990474,50.278065,0.44,t15_f5_c3,17.6207,0.136,False,True,False,bulk_1.0.0,0.0,7.6919519581501e+17,0.0,742120258.0,ZTF17aaaaaal
ztf,58522.1962036998,768196205815010003,2,768196205815,20.490246,-1,768,0.31263736,18.377346,15.758172,18.5551,0.11927658,100.0,0.010687736,0.0867,59.8990374,50.2780489,0.19428572,t15_f5_c3,18.4946,0.0987,False,True,False,bulk_1.0.0,0.0,7.6919519581501e+17,0.0,742120258.0,ZTF17aaaaaal
ztf,58523.195196799934,769195195815010010,2,769195195815,20.591805,-1,769,0.6818381,18.413216,15.755015,18.5953,0.18563952,100.0,0.016046869,0.087,59.8989005,50.2779691,0.17142858,t15_f5_c3,18.6391,0.1085,False,True,False,bulk_1.0.0,0.0,7.85201575815015e+17,0.0,742120258.0,ZTF17aaaaaal
ztf,58539.20157410018,785201575815015020,2,785201575815,20.26608,1,785,0.23968093,17.861042,15.530089,17.8645,0.09313394,100.0,0.010882456,0.0519,59.8989598,50.2780986,0.3257143,t15_f5_c3,17.8662,0.0626,True,True,False,bulk_1.0.0,0.0,0.0,0.0,742120258.0,ZTF17aaaaaal
ztf,58582.17657409981,828176575815015006,2,828176575815,19.158844,1,828,0.23352288,18.150106,15.560156,17.8705,0.1639268,0.006496407,0.015089321,0.1251,59.8991559,50.2781353,0.56142855,t15_f5_c3,17.8839,0.1604,False,True,False,bulk_1.0.0,0.0,8.32143555815015e+17,0.0,742120258.0,ZTF17aaaaaal
ztf,58586.14355320018,832143555815015005,2,832143555815,19.283035,1,832,0.46985826,18.179178,15.562799,18.3259,0.16119653,0.0048285625,0.014481189,0.1513,59.8988628,50.2780744,0.55285716,t15_f5_c3,18.3975,0.204,True,True,False,bulk_1.0.0,0.0,0.0,0.0,742120258.0,ZTF17aaaaaal
ztf,58693.48840280017,939488405815010006,2,939488405815,20.161049,-1,939,0.6292205,18.42464,15.754033,18.4808,0.20249617,0.0058622947,0.017305091,0.0945,59.8988772,50.2779931,0.47857141,t17_f5_c3,18.4378,0.1109,False,True,False,bulk_1.0.0,0.0,9.42454445815015e+17,0.858651,742120258.0,ZTF17aaaaaal
ztf,58696.454444400035,942454445815015012,1,942454445815,20.594854,1,942,0.5400981,19.089054,16.416216,19.3339,0.14644085,100.0,0.012488989,0.1443,59.899219,50.2780587,0.78,t17_f5_c3,19.369,0.181,False,True,False,bulk_1.0.0,0.0,9.5348625581501e+17,0.78156817,742120158.0,ZTF17aaaaaal
ztf,58696.49351850012,942493515815015009,2,942493515815,20.334612,1,942,0.28297216,17.929604,15.537881,17.8193,0.09839907,100.0,0.010871811,0.0519,59.8991669,50.2781622,0.82,t17_f5_c3,17.8213,0.0626,False,True,False,bulk_1.0.0,0.0,9.5348625581501e+17,0.84094274,742120258.0,ZTF17aaaaaal
ztf,58707.486250000075,953486255815010006,2,953486255815,20.528645,-1,953,0.79800105,18.390217,15.757027,18.7506,0.21440041,0.009648848,0.018964853,0.1016,59.8987581,50.2780113,0.3642857,t17_f5_c3,18.7015,0.1161,False,True,False,bulk_1.0.0,0.0,9.7349721581501e+17,0.36599106,742120258.0,ZTF17aaaaaal
ztf,58717.47113429988,963471135815010012,2,963471135815,20.013927,-1,963,0.6652874,18.508898,15.747128,18.6448,0.098142035,100.0,0.0077116415,0.1312,59.898911,50.277972,0.7014286,t17_f5_c3,18.5994,0.1562,False,True,False,bulk_1.0.0,0.0,9.7349721581501e+17,0.8018546,742120258.0,ZTF17aaaaaal
ztf,58724.48880789988,970488805815015014,2,970488805815,20.385607,1,970,0.196081,18.055143,15.551059,18.0558,0.07362685,100.0,0.0073350407,0.0588,59.8990328,50.2780816,0.9128571,t17_f5_c3,18.0632,0.0706,False,True,False,bulk_1.0.0,0.0,9.7349721581501e+17,0.99732566,742120258.0,ZTF17aaaaaal
ztf,58727.49721059995,973497215815010003,2,973497215815,20.535982,-1,973,0.39071512,18.368923,15.75893,18.5766,0.13248836,100.0,0.011972381,0.0863,59.8989035,50.2780766,0.5871429,t17_f5_c3,18.5172,0.0977,False,True,False,bulk_1.0.0,0.0,1.00248603581501e+18,0.44175535,742120258.0,ZTF17aaaaaal
ztf,58750.47050930001,996470505815010006,2,996470505815,20.1595,-1,996,0.790899,18.2297,15.772437,18.7617,0.258615,0.02119803,0.026899766,0.121,59.8993793,50.2780685,0.325714,t17_f5_c3,19.0466,0.1948,False,True,False,bulk_1.0.0,0.0,1.01251869581501e+18,,,ZTF17aaaaaal
ztf,58756.48603009991,1002486035815010006,2,1002486035815,20.312485,-1,1002,1.0353293,17.972038,15.803114,18.15,0.12255802,100.0,0.016625402,0.0649,59.8985953,50.2781031,0.61714286,t17_f5_c3,18.1888,0.0817,False,True,False,bulk_1.0.0,0.0,1.01251869581501e+18,0.6097817,742120258.0,ZTF17aaaaaal
ztf,58766.518692099955,1012518695815010006,2,1012518695815,20.263275,-1,1012,0.6336931,19.095343,15.712094,19.443,0.20168257,100.0,0.008940652,0.2153,59.8988535,50.2780098,0.49714285,t17_f5_c3,19.5787,0.2959,False,True,False,bulk_1.0.0,0.0,1.03038428581501e+18,0.80352795,742120258.0,ZTF17aaaaaal
ztf,58769.42428239994,1015424285815010007,2,1015424285815,19.6917,-1,1015,0.40242,18.3786,15.75806,18.5916,0.209538,0.009195837,0.01875198,0.1714,59.8989077,50.2780653,0.378571,t17_f5_c3,18.422,0.1851,False,True,False,bulk_1.0.0,0.0,1.03038428581501e+18,,,ZTF17aaaaaal
ztf,58784.3842823999,1030384285815010013,2,1030384285815,19.730627,-1,1030,0.28083545,18.250492,15.770297,18.5457,0.120749496,100.0,0.012297232,0.11,59.8990637,50.2780561,0.8214286,t17_f5_c3,18.5396,0.1347,True,True,False,bulk_1.0.0,0.0,0.0,0.99988127,742120258.0,ZTF17aaaaaal
ztf,58827.25483800005,1073254835815010003,2,1073254835815,19.292728,-1,1073,0.26440772,18.253313,15.77001,18.4591,0.16348667,0.0016154867,0.016602032,0.1913,59.8989991,50.278068,0.63714284,t17_f5_c3,18.4937,0.251,False,True,False,bulk_1.0.0,0.0,1.08322879581501e+18,0.8243457,742120258.0,ZTF17aaaaaal
ztf,58834.218622699846,1080218625815015010,1,1080218625815,19.7267,1,1080,0.179538,19.072,16.414751,19.36,0.233654,0.010363847,0.020215001,0.1851,59.8990423,50.2781993,0.785714,t17_f5_c3,19.5402,0.2719,False,True,False,bulk_1.0.0,0.0,1.08322879581501e+18,,,ZTF17aaaaaal
ztf,58837.22879630001,1083228795815010020,1,1083228795815,20.313736,-1,1083,0.7127051,19.675688,16.573635,20.0411,0.20069115,100.0,0.011526756,0.2662,59.8989045,50.2779662,0.79142857,t17_f5_c3,19.8771,0.2823,False,True,False,bulk_1.0.0,0.0,1.095159095815015e+18,0.9888667,742120158.0,ZTF17aaaaaal
ztf,58849.098240700085,1095098245815015010,1,1095098245815,20.5324,1,1095,0.63127,19.683,16.45595,19.6206,0.305852,100.0,0.015656361,0.2023,59.8992567,50.2780424,0.381429,t17_f5_c3,19.611,0.2477,False,True,False,bulk_1.0.0,0.0,1.095159095815015e+18,,,ZTF17aaaaaal
ztf,58849.159097199794,1095159095815015009,2,1095159095815,20.428724,1,1095,0.38199517,18.228563,15.567145,18.2692,0.11743657,100.0,0.010121298,0.0705,59.8988786,50.2781509,0.5485714,t17_f5_c3,18.2553,0.0848,False,True,False,bulk_1.0.0,0.0,1.10616516581501e+18,0.72740823,742120258.0,ZTF17aaaaaal
ztf,58849.159097199794,1095159095815015010,2,1095159095815,20.4287,1,1095,0.786775,18.2756,15.57112,18.2801,0.086189,100.0,0.0071393666,0.073,59.8988417,50.2783155,0.657143,t17_f5_c3,18.3173,0.0911,False,True,False,bulk_1.0.0,0.0,1.10616516581501e+18,,,ZTF17aaaaaal
ztf,58849.18017360009,1095180175815015016,2,1095180175815,20.371927,1,1095,0.38528386,18.108746,15.556282,18.477,0.14632118,0.0031954586,0.013941894,0.0837,59.899136,50.2780436,0.5314286,t17_f5_c3,18.4401,0.0992,False,True,False,bulk_1.0.0,0.0,1.10616516581501e+18,0.9131398,742120258.0,ZTF17aaaaaal
ztf,58849.18017360009,1095180175815015017,2,1095180175815,20.371927,1,1095,0.24509259,18.152395,15.560367,18.2978,0.07764722,100.0,0.007133691,0.0743,59.8989533,50.2781702,0.6685714,t17_f5_c3,18.2982,0.0898,False,True,False,bulk_1.0.0,0.0,1.10616516581501e+18,0.7470342,742120258.0,ZTF17aaaaaal
ztf,58852.17383099999,1098173835815010010,2,1098173835815,20.3993,-1,1098,0.974841,18.5967,15.74052,18.9188,0.318289,0.016342284,0.022927107,0.136,59.8986207,50.2781436,0.331429,t17_f5_c3,18.9764,0.1755,False,True,False,bulk_1.0.0,0.0,1.12617165581501e+18,,,ZTF17aaaaaal
ztf,58853.149745400064,1099149745815015003,2,1099149745815,19.557972,1,1099,0.39158657,17.950886,15.540212,18.1327,0.10817863,100.0,0.011745511,0.1314,59.8988753,50.2781298,0.5157143,t17_f5_c3,18.1673,0.1712,False,True,False,bulk_1.0.0,0.0,1.12617165581501e+18,0.904693,742120258.0,ZTF17aaaaaal
ztf,58855.19912040001,1101199125815010012,2,1101199125815,19.576307,-1,1101,0.6714483,18.340832,15.761505,18.8772,0.13156717,100.0,0.012229728,0.1919,59.8989473,50.2779583,0.6571429,t17_f5_c3,18.9423,0.2562,False,True,False,bulk_1.0.0,0.0,1.12617165581501e+18,0.9943588,742120258.0,ZTF17aaaaaal
ztf,58860.165161999874,1106165165815010002,2,1106165165815,19.687132,-1,1106,0.07266978,18.463062,15.750813,18.532,0.11209912,100.0,0.0092193885,0.1429,59.8990234,50.2781216,0.92285717,t17_f5_c3,18.5096,0.1762,False,True,False,bulk_1.0.0,0.0,1.12617165581501e+18,0.9980753,742120258.0,ZTF17aaaaaal
ztf,58861.16349539999,1107163495815010005,2,1107163495815,19.705145,-1,1107,0.59285194,18.603745,15.740014,18.8708,0.10581863,100.0,0.007569548,0.1533,59.8990003,50.2779684,0.81714284,t17_f5_c3,18.805,0.1791,False,True,False,bulk_1.0.0,0.0,1.12617165581501e+18,0.9929727,742120258.0,ZTF17aaaaaal
ztf,58863.14361110004,1109143615815015022,1,1109143615815,20.676907,1,1109,0.42090982,18.927683,16.40148,19.0764,0.12346499,100.0,0.012052094,0.1034,59.8991523,50.2780583,0.93714285,t17_f5_c3,18.994,0.1164,False,True,False,bulk_1.0.0,0.0,1.12617165581501e+18,0.9909184,742120158.0,ZTF17aaaaaal
ztf,58863.16709489981,1109167095815015129,1,1109167095815,19.856249,1,1109,0.6462625,18.718878,16.379234,18.9391,0.12298492,100.0,0.014255898,0.1889,59.8992118,50.2780054,0.6414286,t17_f5_c3,18.7746,0.2037,False,True,False,bulk_1.0.0,0.0,1.12617165581501e+18,0.8592225,742120158.0,ZTF17aaaaaal
ztf,58877.12711809995,1123127115815015015,2,1123127115815,20.315289,1,1123,0.13889356,17.94173,15.539214,17.9949,0.0871818,100.0,0.009537164,0.057,59.8990483,50.2781733,0.8442857,t17_f5_c3,18.02,0.0703,False,True,False,bulk_1.0.0,0.0,1.142154645815015e+18,0.99918795,742120258.0,ZTF17aaaaaal
ztf,58879.09837959986,1125098375815010003,2,1125098375815,19.410414,-1,1125,0.8438535,18.428724,15.753685,18.4507,0.19827877,0.0044562235,0.01687565,0.181,59.8987253,50.2780173,0.46571428,t17_f5_c3,18.4544,0.2296,False,True,False,bulk_1.0.0,0.0,1.142154645815015e+18,0.51634127,742120258.0,ZTF17aaaaaal
ztf,58880.17165509984,1126171655815010009,2,1126171655815,20.121855,-1,1126,0.55610937,18.260681,15.769265,18.5424,0.13420184,100.0,0.013526702,0.0989,59.8988983,50.2780115,0.69,t17_f5_c3,18.568,0.1242,False,True,False,bulk_1.0.0,0.0,1.142154645815015e+18,0.9733099,742120258.0,ZTF17aaaaaal
ztf,58880.20013889996,1126200135815010018,2,1126200135815,20.203169,-1,1126,0.7587256,18.574726,15.74212,18.4041,0.1124073,100.0,0.008274695,0.0874,59.899204,50.2779483,0.60571426,t17_f5_c3,18.3697,0.1039,False,True,False,bulk_1.0.0,0.0,1.142154645815015e+18,0.84014785,742120258.0,ZTF17aaaaaal
ztf,58882.17857640004,1128178575815015008,2,1128178575815,19.3144,1,1128,0.274881,17.7211,15.512775,17.762,0.084955,100.0,0.011113715,0.0572,59.8991573,50.2781709,0.784286,t17_f5_c3,17.7398,0.0692,False,True,False,bulk_1.0.0,0.0,1.142154645815015e+18,,,ZTF17aaaaaal
ztf,58884.16574069997,1130165745815010006,2,1130165745815,19.324507,-1,1130,0.45017752,18.108177,15.785895,18.4004,0.107340105,100.0,0.012642969,0.1274,59.8990325,50.2780098,0.8414286,t17_f5_c3,18.437,0.1661,False,True,False,bulk_1.0.0,0.0,1.142154645815015e+18,0.99913895,742120258.0,ZTF17aaaaaal
ztf,58896.15464119986,1142154645815015021,2,1142154645815,20.364277,1,1142,0.25984287,17.814102,15.524499,17.7098,0.09114646,100.0,0.01106365,0.0432,59.8989822,50.2781954,0.85571426,t17_f5_c3,17.6983,0.0512,False,True,False,bulk_1.0.0,0.0,1.142175215815015e+18,0.8921484,742120258.0,ZTF17aaaaaal
ztf,58896.175219899975,1142175215815015021,1,1142175215815,20.3916,1,1142,0.5009399,19.075787,16.41508,19.4262,0.16959786,100.0,0.014626395,0.1601,59.8992484,50.2781192,0.85,t17_f5_c3,19.3156,0.1778,False,True,False,bulk_1.0.0,0.0,1.161118945815015e+18,0.9997202,742120158.0,ZTF17aaaaaal
ztf,58898.14590279991,1144145905815010006,2,1144145905815,20.600534,-1,1144,0.86315703,18.360292,15.759713,18.5464,0.20033744,0.008098474,0.018261254,0.0843,59.8987832,50.2779604,0.4,t17_f5_c3,18.5549,0.102,False,True,False,bulk_1.0.0,0.0,1.161118945815015e+18,0.35778055,742120258.0,ZTF17aaaaaal
ztf,58899.13331020018,1145133315815010012,2,1145133315815,20.399544,-1,1145,0.50172234,18.269997,15.768331,18.353,0.13260202,100.0,0.013239866,0.0761,59.8988251,50.2781578,0.6857143,t17_f5_c3,18.3945,0.096,False,True,False,bulk_1.0.0,0.0,1.161118945815015e+18,0.36825904,742120258.0,ZTF17aaaaaal
ztf,58903.16262729978,1149162625815010004,2,1149162625815,20.0777,-1,1149,0.22179653,18.418367,15.754571,18.6027,0.106490314,100.0,0.009157809,0.1036,59.8990773,50.2780782,0.91,t17_f5_c3,18.5379,0.1195,False,True,False,bulk_1.0.0,0.0,1.161118945815015e+18,0.9976088,742120258.0,ZTF17aaaaaal
ztf,58906.13027779991,1152130275815025012,1,1152130275815,20.1915,1,1152,0.866663,19.2815,16.431362,19.5501,0.129857,100.0,0.009406115,0.1957,59.8992182,50.2779384,0.857143,t17_f5_c3,19.5103,0.2343,False,True,False,bulk_1.0.0,0.0,1.161118945815015e+18,,,ZTF17aaaaaal
ztf,58906.18425930012,1152184255815025011,2,1152184255815,19.944,1,1152,0.070128,17.9464,15.539723,17.9519,0.096697,100.0,0.010537623,0.0669,59.8990758,50.2781454,0.927143,t17_f5_c3,17.9504,0.082,False,True,False,bulk_1.0.0,0.0,1.161118945815015e+18,,,ZTF17aaaaaal
ztf,58912.18759260001,1158187595815010008,2,1158187595815,19.713528,-1,1158,0.48091084,18.428406,15.753713,18.8953,0.17297985,100.0,0.014727129,0.2047,59.8990258,50.2780006,0.55857146,t17_f5_c3,19.0925,0.3088,False,True,False,bulk_1.0.0,0.0,1.18717771581501e+18,0.6187414,742120258.0,ZTF17aaaaaal
ztf,58915.11355319992,1161113555815015006,2,1161113555815,19.665869,1,1161,0.06539981,17.96375,15.541601,18.0896,0.08462376,100.0,0.009091436,0.1043,59.8990223,50.2781274,0.89428574,t17_f5_c3,18.2254,0.1486,False,True,False,bulk_1.0.0,0.0,1.18717771581501e+18,0.9742554,742120258.0,ZTF17aaaaaal
ztf,58915.11894680001,1161118945815015009,2,1161118945815,19.823795,1,1161,0.2087326,18.017504,15.54725,18.0434,0.15277046,0.008087441,0.015701385,0.0942,59.8991381,50.2781236,0.4242857,t17_f5_c3,18.1438,0.1295,False,True,False,bulk_1.0.0,0.0,1.18717771581501e+18,0.81354916,742120258.0,ZTF17aaaaaal
ztf,58941.17771989992,1187177715815010006,2,1187177715815,19.456673,-1,1187,0.39675257,18.109297,15.785763,18.8141,0.14177018,100.0,0.016679054,0.1982,59.8988812,50.2781075,0.64428574,t17_f5_c3,18.5903,0.2031,True,True,False,bulk_1.0.0,0.0,0.0,0.99960315,742120258.0,ZTF17aaaaaal
ztf,59061.44771989994,1307447715815010004,2,1307447715815,20.4328,-1,1307,0.461248,18.4675,15.750448,18.4762,0.133234,100.0,0.010909226,0.0835,59.8991594,50.2782428,0.497143,t17_f5_c3,18.4729,0.1006,False,True,False,bulk_1.0.0,0.0,1.33148249581501e+18,,,ZTF17aaaaaal
ztf,59063.409942099825,1309409945815015006,2,1309409945815,19.414192,1,1309,0.33724633,17.723545,15.513095,17.9798,0.11654721,0.007840115,0.015216752,0.1028,59.8989708,50.2780542,0.76714283,t17_f5_c3,17.9311,0.124,False,True,False,bulk_1.0.0,0.0,1.33148249581501e+18,0.98636985,742120258.0,ZTF17aaaaaal
ztf,59069.48003470013,1315480035815010002,2,1315480035815,20.2603,-1,1315,0.433802,18.5359,15.745033,18.8094,0.224266,0.005795545,0.017156031,0.1302,59.8988666,50.2780975,0.372857,t17_f5_c3,18.8308,0.1635,False,True,False,bulk_1.0.0,0.0,1.33148249581501e+18,,,ZTF17aaaaaal
ztf,59085.482499999925,1331482495815010004,2,1331482495815,20.726816,-1,1331,0.23389444,18.498007,15.747988,19.1839,0.19022647,100.0,0.015109958,0.1401,59.8991228,50.2780905,0.40714285,t17_f5_c3,19.1897,0.1665,False,True,False,bulk_1.0.0,0.0,1.356450675815015e+18,0.12159795,742120258.0,ZTF17aaaaaal
ztf,59091.49084489979,1337490845815015011,2,1337490845815,20.834312,1,1337,0.33554497,17.935022,15.538478,17.9844,0.0894257,100.0,0.009836592,0.0442,59.8990139,50.278045,0.6242857,t17_f5_c3,17.9319,0.0486,False,True,False,bulk_1.0.0,0.0,1.356450675815015e+18,0.9289714,742120258.0,ZTF17aaaaaal
ztf,59093.49267360009,1339492675815010002,2,1339492675815,20.069666,-1,1339,0.7426347,18.570522,15.74243,18.6466,0.20564888,100.0,0.015201604,0.1276,59.898723,50.2781015,0.32714286,t17_f5_c3,18.6313,0.1564,False,True,False,bulk_1.0.0,0.0,1.356450675815015e+18,0.5777973,742120258.0,ZTF17aaaaaal
ztf,59096.35880789999,1342358805815015003,2,1342358805815,19.784685,1,1342,0.24949437,17.763357,15.518211,17.7352,0.08323582,100.0,0.010525721,0.0723,59.8991445,50.2781043,0.7885714,t17_f5_c3,17.7208,0.0894,False,True,False,bulk_1.0.0,0.0,1.356450675815015e+18,0.89344966,742120258.0,ZTF17aaaaaal
ztf,59107.43137730006,1353431375815010003,2,1353431375815,20.4226,-1,1353,0.799092,18.5082,15.747182,18.7144,0.242158,0.010039324,0.019041087,0.1159,59.8993727,50.278215,0.364286,t17_f5_c3,18.6397,0.1305,False,True,False,bulk_1.0.0,0.0,1.356450675815015e+18,,,ZTF17aaaaaal
ztf,59110.450671299826,1356450675815015012,2,1356450675815,20.390387,1,1356,0.23772724,17.70932,15.511228,17.7212,0.116073,0.008090673,0.015328305,0.0453,59.899149,50.2781509,0.7385714,t17_f5_c3,17.7286,0.0544,False,True,False,bulk_1.0.0,0.0,1.385375265815015e+18,0.98475933,742120258.0,ZTF17aaaaaal
ztf,59115.36150459992,1361361505815015006,2,1361361505815,20.452103,1,1361,0.1028483,17.805054,15.5233965,17.7556,0.1385685,0.010664888,0.01694344,0.0442,59.8990322,50.2781619,0.7785714,t17_f5_c3,17.7879,0.0542,False,True,False,bulk_1.0.0,0.0,1.385375265815015e+18,0.8592051,742120258.0,ZTF17aaaaaal
ztf,59125.47711810004,1371477115815015003,2,1371477115815,19.9438,1,1371,0.318198,18.063,15.551839,18.1794,0.1788,0.011424741,0.01769715,0.0969,59.8991068,50.2780555,0.431429,t17_f5_c3,18.1867,0.1219,False,True,False,bulk_1.0.0,0.0,1.385375265815015e+18,,,ZTF17aaaaaal
ztf,59129.470891200006,1375470895815015006,2,1375470895815,20.067204,1,1375,0.20343377,18.037031,15.549241,18.0577,0.105039865,100.0,0.010622778,0.0785,59.8990589,50.2780803,0.7285714,t17_f5_c3,18.1485,0.1058,False,True,False,bulk_1.0.0,0.0,1.385375265815015e+18,0.8840884,742120258.0,ZTF17aaaaaal
ztf,59134.38679399993,1380386795815015014,1,1380386795815,20.492632,1,1380,0.3465164,19.187208,16.42425,19.3171,0.14833547,100.0,0.011642917,0.1362,59.8991403,50.2780805,0.9085714,t17_f5_c3,19.2387,0.155,False,True,False,bulk_1.0.0,0.0,1.385375265815015e+18,0.9928335,742120158.0,ZTF17aaaaaal
ztf,59134.43310189992,1380433105815015006,2,1380433105815,20.294594,1,1380,0.07647525,17.753258,15.516929,17.7853,0.10239721,100.0,0.013054389,0.0455,59.8990624,50.2781586,0.9,t17_f5_c3,17.8024,0.0554,False,True,False,bulk_1.0.0,0.0,1.385375265815015e+18,0.9999914,742120258.0,ZTF17aaaaaal
ztf,59139.37526619993,1385375265815015007,2,1385375265815,20.374903,1,1385,0.5540708,17.77592,15.519792,17.7724,0.1184355,0.006900975,0.014826216,0.0513,59.899188,50.2780095,0.6042857,t17_f5_c3,17.8105,0.0637,False,True,False,bulk_1.0.0,0.0,1.414278945815015e+18,0.77965325,742120258.0,ZTF17aaaaaal
ztf,59141.3620023001,1387362005815010009,2,1387362005815,20.4775,-1,1387,0.825578,18.4041,15.755807,18.5636,0.217199,0.009644768,0.018946998,0.0913,59.8987477,50.2780041,0.407143,t17_f5_c3,18.5605,0.1098,False,True,False,bulk_1.0.0,0.0,1.414278945815015e+18,,,ZTF17aaaaaal
ztf,59149.42795140017,1395427955815015005,2,1395427955815,20.111399,1,1395,0.120866165,18.323893,15.57504,18.2266,0.13916372,100.0,0.011065852,0.0744,59.8990778,50.2781632,0.8757143,t17_f5_c3,18.253,0.0927,False,True,False,bulk_1.0.0,0.0,1.414278945815015e+18,0.9790927,742120258.0,ZTF17aaaaaal
ztf,59151.364710600115,1397364715815010008,2,1397364715815,19.8379,-1,1397,0.565221,18.4103,15.755268,18.4396,0.155891,100.0,0.013514764,0.1103,59.8988046,50.2780999,0.557143,t17_f5_c3,18.3862,0.1312,False,True,False,bulk_1.0.0,0.0,1.414278945815015e+18,,,ZTF17aaaaaal
ztf,59153.446898099966,1399446895815015005,2,1399446895815,19.693933,1,1399,0.108552575,17.824709,15.525781,17.8685,0.09703082,100.0,0.011677192,0.0862,59.899077,50.2781115,0.79571426,t17_f5_c3,17.931,0.1149,False,True,False,bulk_1.0.0,0.0,1.414278945815015e+18,0.98715544,742120258.0,ZTF17aaaaaal
ztf,59155.28827549983,1401288275815010002,2,1401288275815,19.6844,-1,1401,0.346117,18.6694,15.735466,18.775,0.126776,100.0,0.008500879,0.1981,59.8990123,50.2780397,0.458571,t17_f5_c3,19.0488,0.3222,False,True,False,bulk_1.0.0,0.0,1.414278945815015e+18,,,ZTF17aaaaaal
ztf,59168.2573958002,1414257395815015005,1,1414257395815,20.734934,1,1414,0.87840164,19.218248,16.426655,19.5345,0.18028755,100.0,0.013782508,0.1546,59.8993032,50.2779727,0.5557143,t17_f5_c3,19.5474,0.1906,False,True,False,bulk_1.0.0,0.0,1.414278945815015e+18,0.1810368,742120158.0,ZTF17aaaaaal
ztf,59168.27894680016,1414278945815015006,2,1414278945815,20.424574,1,1414,0.23610793,18.11521,15.556896,17.9741,0.15168601,0.0047200047,0.01437541,0.0545,59.8989612,50.2780957,0.67,t17_f5_c3,17.9411,0.0638,False,True,False,bulk_1.0.0,0.0,1.433202085815015e+18,0.85761756,742120258.0,ZTF17aaaaaal
ztf,59170.27578700008,1416275785815010007,2,1416275785815,20.279524,-1,1416,0.27128133,18.31204,15.76422,18.4411,0.1160862,100.0,0.011108428,0.0827,59.8989461,50.278179,0.85142857,t17_f5_c3,18.4847,0.1049,False,True,False,bulk_1.0.0,0.0,1.433202085815015e+18,0.99937665,742120258.0,ZTF17aaaaaal
ztf,59172.25462959986,1418254625815015003,1,1418254625815,20.694471,1,1418,0.45112914,19.284348,16.431568,19.4272,0.17456272,100.0,0.01261362,0.1393,59.8992144,50.2780975,0.74857146,t17_f5_c3,19.3824,0.1622,False,True,False,bulk_1.0.0,0.0,1.433202085815015e+18,0.7691049,742120158.0,ZTF17aaaaaal
ztf,59177.40562500013,1423405625815015013,1,1423405625815,20.707212,1,1423,0.44488138,19.062025,16.413885,19.2418,0.10470961,100.0,0.009135463,0.1137,59.8991957,50.2780791,0.93714285,t17_f5_c3,19.1317,0.124,False,True,False,bulk_1.0.0,0.0,1.433202085815015e+18,0.9935565,742120158.0,ZTF17aaaaaal
ztf,59179.35032409988,1425350325815010009,2,1425350325815,19.92182,-1,1425,0.52393174,18.457945,15.751234,18.5951,0.11850285,100.0,0.009795902,0.1178,59.8988727,50.2780422,0.8214286,t17_f5_c3,18.5223,0.1369,False,True,False,bulk_1.0.0,0.0,1.433202085815015e+18,0.99212253,742120258.0,ZTF17aaaaaal
ztf,59185.26218750002,1431262185815010010,2,1431262185815,19.712543,-1,1431,0.1203957,18.344412,15.761172,18.3158,0.11156708,100.0,0.010333333,0.1232,59.8990841,50.2781136,0.7885714,t17_f5_c3,18.3234,0.1567,False,True,False,bulk_1.0.0,0.0,1.433202085815015e+18,0.96007025,742120258.0,ZTF17aaaaaal
ztf,59187.20208329987,1433202085815015010,1,1433202085815,19.802927,1,1433,0.4970883,19.293804,16.43225,19.2337,0.14533028,100.0,0.01041679,0.2056,59.8991619,50.2780366,0.9442857,t17_f5_c3,19.2299,0.2589,False,True,False,bulk_1.0.0,0.0,1.457220015815015e+18,0.99106836,742120158.0,ZTF17aaaaaal
ztf,59187.24309029989,1433243095815015010,2,1433243095815,19.6869,1,1433,0.449685,17.8969,15.534219,17.9299,0.108747,100.0,0.012340839,0.0686,59.8990065,50.2782572,0.82,t17_f5_c3,17.9145,0.0838,False,True,False,bulk_1.0.0,0.0,1.457220015815015e+18,,,ZTF17aaaaaal
ztf,59189.2483680998,1435248365815010004,2,1435248365815,20.3947,-1,1435,0.339901,18.3075,15.764656,18.5501,0.159734,100.0,0.0153553365,0.0901,59.899065,50.278041,0.465714,t17_f5_c3,18.5462,0.1092,False,True,False,bulk_1.0.0,0.0,1.457220015815015e+18,,,ZTF17aaaaaal
ztf,59194.262048599776,1440262045815010008,2,1440262045815,20.268818,-1,1440,0.39820185,18.402323,15.755962,18.5435,0.0998117,100.0,0.008722424,0.0775,59.8989998,50.2780284,0.8757143,t17_f5_c3,18.5133,0.09,False,True,False,bulk_1.0.0,0.0,1.466199405815015e+18,0.9998996,742120258.0,ZTF17aaaaaal
ztf,59198.220949099865,1444220945815010008,2,1444220945815,19.675314,-1,1444,0.7213732,18.413189,15.755017,18.4961,0.14573579,100.0,0.012597887,0.1126,59.8987627,50.2780459,0.7057143,t17_f5_c3,18.4407,0.1325,False,True,False,bulk_1.0.0,0.0,1.44922265581501e+18,0.9422951,742120258.0,ZTF17aaaaaal
ztf,59198.220949099865,1444220945815020008,2,1444220945815,19.6753,-1,1444,0.721373,18.4132,15.755016,18.4961,0.145736,100.0,0.01259776,0.1126,59.8987627,50.2780459,0.705714,t17_f5_c3,18.4407,0.1325,False,True,False,bulk_1.0.0,0.0,1.466199405815015e+18,,,ZTF17aaaaaal
ztf,59203.222650500014,1449222655815010009,2,1449222655815,20.194836,-1,1449,0.59487617,18.467596,15.75044,18.5106,0.13523908,100.0,0.011072351,0.0861,59.8989717,50.277976,0.81142855,t17_f5_c3,18.474,0.1012,False,True,False,bulk_1.0.0,0.0,1.466199405815015e+18,0.9979775,742120258.0,ZTF17aaaaaal
ztf,59211.22001159983,1457220015815015005,1,1457220015815,19.122421,1,1457,0.69578457,19.037807,16.41175,18.8956,0.20149752,0.0047226893,0.017941015,0.2435,59.8992216,50.2779984,0.76285714,t17_f5_c3,18.7421,0.27,False,True,False,bulk_1.0.0,0.0,1.466199405815015e+18,0.95483553,742120158.0,ZTF17aaaaaal
ztf,59218.35347220022,1464353475815010006,2,1464353475815,20.081375,-1,1464,0.30035165,18.409773,15.755314,18.6335,0.15650414,100.0,0.01357507,0.1172,59.8989473,50.2781919,0.67,t17_f5_c3,18.5811,0.1383,False,True,False,bulk_1.0.0,0.0,1.466199405815015e+18,0.8829416,742120258.0,ZTF17aaaaaal
ztf,59220.1994097,1466199405815015005,1,1466199405815,20.686323,1,1466,0.43427658,19.215778,16.426466,19.1454,0.20357773,100.0,0.01559571,0.1115,59.8991113,50.2780371,0.75,t17_f5_c3,19.1088,0.1313,False,True,False,bulk_1.0.0,0.0,1.46819983581501e+18,0.9996459,742120158.0,ZTF17aaaaaal
ztf,59220.239965300076,1466239965815015006,2,1466239965815,20.1514,1,1466,0.251728,17.7991,15.522667,17.7646,0.051643,100.0,0.00634509,0.0448,59.8990681,50.2782068,0.878571,t17_f5_c3,17.7779,0.0544,False,True,False,bulk_1.0.0,0.0,1.46819983581501e+18,,,ZTF17aaaaaal
ztf,59222.199837999884,1468199835815010013,2,1468199835815,20.51244,-1,1468,0.67043644,18.526852,15.7457285,18.7908,0.10051522,100.0,0.0077585885,0.1093,59.8989879,50.2779503,0.42857143,t17_f5_c3,18.819,0.1362,True,True,False,bulk_1.0.0,0.0,0.0,0.2887355,742120258.0,ZTF17aaaaaal
ztf,59249.19467590004,1495194675815015008,2,1495194675815,19.4311,1,1495,0.215572,17.8293,15.526332,17.8227,0.085241,100.0,0.010220247,0.0799,59.8991193,50.2781737,0.91,t17_f5_c3,17.8318,0.1003,False,True,False,correction_0.0.1,0.0,,,,ZTF17aaaaaal
ztf,59260.17884259997,1506178845815010008,1,1506178845815,20.407,-1,1506,1.54396,19.8669,,19.4853,0.277804,,,0.1804,59.899708,50.2781941,0.47,t17_f5_c3,19.6313,0.2566,False,False,True,correction_0.0.1,0.0,,,,ZTF17aaaaaal
ztf,59260.22136570001,1506221365815010003,2,1506221365815,19.510735,-1,1506,0.45384008,18.426844,15.753845,18.6722,0.15105093,100.0,0.012880243,0.1932,59.8988921,50.2780545,0.6357143,t17_f5_c3,19.1156,0.3659,True,True,False,correction_0.0.1,0.0,,0.87935233,742120258.0,ZTF17aaaaaal
ztf,59263.16032409994,1509160325815015004,1,1509160325815,19.99455,1,1509,0.39369157,19.001064,16.408428,19.5266,0.15277544,100.0,0.014028108,0.2013,59.89919,50.2781035,0.8242857,t17_f5_c3,19.5474,0.2559,True,True,False,correction_0.0.1,0.0,,0.9999168,742120158.0,ZTF17aaaaaal
ztf,59263.198055599816,1509198055815015006,2,1509198055815,19.5848,1,1509,0.264226,17.6135,15.498078,17.7676,0.089165,100.0,0.012706489,0.0518,59.899133,50.2781817,0.85,t17_f5_c3,17.7246,0.0609,False,True,False,correction_0.0.1,0.0,,,,ZTF17aaaaaal
ztf,59265.22687500017,1511226875815010005,2,1511226875815,20.03321,-1,1511,0.63497794,18.366686,15.759132,18.6827,0.115303084,100.0,0.010442864,0.1269,59.8988886,50.2779891,0.6085714,t17_f5_c3,18.7324,0.1649,True,True,False,correction_0.0.1,0.0,,0.6160507,742120258.0,ZTF17aaaaaal
ztf,59273.22800929984,1519228005815015002,2,1519228005815,19.0995,1,1519,0.431089,18.4727,15.586154,18.1045,0.154712,100.0,0.010836912,0.1235,59.8990621,50.2782569,0.751429,t17_f5_c3,17.9969,0.1415,False,True,False,correction_0.0.1,0.0,,,,ZTF17aaaaaal
ztf,59275.26321760006,1521263215815010006,2,1521263215815,19.16277,-1,1521,0.55740494,18.46151,15.75094,18.5169,0.11175154,100.0,0.009205039,0.1588,59.8991666,50.2779997,0.7885714,t17_f5_c3,18.4489,0.1886,True,True,False,correction_0.0.1,0.0,,0.9763269,742120258.0,ZTF17aaaaaal
ztf,59290.18509260006,1536185095815010009,1,1536185095815,20.2979,-1,1536,0.44953,17.6272,16.994774,18.3225,0.210057,0.11352004,0.117318586,0.0689,59.8992323,50.2781391,0.307143,t17_f5_c3,18.4533,0.0971,False,True,False,correction_0.0.1,0.0,,,,ZTF17aaaaaal
ztf,59294.19618060021,1540196185815010006,2,1540196185815,19.343668,-1,1540,0.5650472,18.464643,15.750682,18.4375,0.14282897,100.0,0.011728211,0.1518,59.899019,50.2779797,0.87857145,t17_f5_c3,18.4803,0.1995,True,True,False,correction_0.0.1,0.0,,0.9911315,742120258.0,ZTF17aaaaaal
ztf,59399.474988400005,1645474985815010009,2,1645474985815,19.5151,-1,1645,0.460519,17.9643,15.804169,18.4677,0.124958,0.0011306957,0.017088791,0.1297,59.899095,50.2782617,0.692857,t17_f5_c3,18.3767,0.1494,False,True,False,correction_0.0.1,0.0,,,,ZTF17aaaaaal
ztf,59401.475185200106,1647475185815015004,2,1647475185815,19.69013,1,1647,0.20271009,17.633772,15.500944,17.7708,0.100701526,0.0057551246,0.014122286,0.0633,59.8991029,50.2780924,0.92285717,t17_f5_c3,17.8157,0.0817,True,True,False,correction_0.0.1,0.0,,0.9999927,742120258.0,ZTF17aaaaaal
ztf,59401.477534700185,1647477535815015002,2,1647477535815,19.48541,1,1647,0.20690224,17.965652,15.541805,17.6788,0.090782784,100.0,0.009737886,0.0621,59.8990331,50.2780809,0.7657143,t17_f5_c3,17.6428,0.0747,True,True,False,correction_0.0.1,0.0,,0.99883044,742120258.0,ZTF17aaaaaal
ztf,59401.47989579989,1647479895815015002,2,1647479895815,19.371487,1,1647,0.2567692,17.68852,15.508458,17.9916,0.11964867,0.009457869,0.016065076,0.0888,59.8989339,50.2781234,0.86285716,t17_f5_c3,18.0237,0.1146,True,True,False,correction_0.0.1,0.0,,0.99969655,742120258.0,ZTF17aaaaaal
ztf,59401.48224540008,1647482245815015003,2,1647482245815,19.231758,1,1647,0.040354546,17.68709,15.5082655,17.7504,0.09002284,100.0,0.012101047,0.0817,59.8990279,50.2781361,0.91,t17_f5_c3,17.79,0.1066,True,True,False,correction_0.0.1,0.0,,0.9996146,742120258.0,ZTF17aaaaaal
ztf,59401.484606499784,1647484605815015002,2,1647484605815,19.051306,1,1647,0.7619542,17.852966,15.529142,17.7431,0.10307951,100.0,0.012123915,0.096,59.8987365,50.2782194,0.7985714,t17_f5_c3,17.6397,0.1106,True,True,False,correction_0.0.1,0.0,,0.98459935,742120258.0,ZTF17aaaaaal
ztf,59403.4832175998,1649483215815010005,2,1649483215815,19.34703,-1,1649,0.3615726,18.507912,15.747205,18.6243,0.16632143,100.0,0.013081737,0.2104,59.8990435,50.2780344,0.60714287,t17_f5_c3,18.8477,0.3278,True,True,False,correction_0.0.1,0.0,,0.88436615,742120258.0,ZTF17aaaaaal
ztf,59404.477303199936,1650477305815010004,2,1650477305815,19.5167,-1,1650,0.521992,18.5431,15.744485,18.785,0.156698,100.0,0.011901925,0.2112,59.8990866,50.2779915,0.43,t17_f5_c3,18.5519,0.2139,False,True,False,correction_0.0.1,0.0,,,,ZTF17aaaaaal
ztf,59409.47192130005,1655471925815010002,2,1655471925815,20.04239,-1,1655,0.68889934,18.677013,15.734958,18.748,0.20085326,100.0,0.013367697,0.144,59.8988044,50.2780134,0.3642857,t17_f5_c3,18.6519,0.1624,True,True,False,correction_0.0.1,0.0,,0.13082239,742120258.0,ZTF17aaaaaal
ztf,59410.470925900154,1656470925815015003,2,1656470925815,19.963053,1,1656,0.20068751,18.196833,15.564374,18.1671,0.17123258,0.0065416023,0.015156639,0.0924,59.8991214,50.2781109,0.68142855,t17_f5_c3,18.1485,0.1118,True,True,False,correction_0.0.1,0.0,,0.84223485,742120258.0,ZTF17aaaaaal
ztf,59410.47348379996,1656473485815015004,2,1656473485815,19.870502,1,1656,0.18824972,18.115019,15.556878,18.1833,0.1549351,0.005594722,0.014685664,0.0962,59.8990791,50.2780876,0.8,t17_f5_c3,18.2395,0.1251,True,True,False,correction_0.0.1,0.0,,0.92172146,742120258.0,ZTF17aaaaaal
ztf,59411.467372700106,1657467375815015002,2,1657467375815,19.895937,1,1657,0.43257678,18.302187,15.5732975,18.2918,0.14416817,100.0,0.011676527,0.1052,59.8989183,50.2780457,0.67714286,t17_f5_c3,18.2605,0.1261,True,True,False,correction_0.0.1,0.0,,0.79649854,742120258.0,ZTF17aaaaaal
ztf,59415.47150459979,1661471505815015006,2,1661471505815,20.346264,1,1661,0.33122787,17.788572,15.521368,17.8388,0.12013159,0.0069926046,0.014885908,0.0529,59.8991748,50.278093,0.7128571,t17_f5_c3,17.8087,0.062,True,True,False,correction_0.0.1,0.0,,0.83820295,742120258.0,ZTF17aaaaaal
ztf,59415.47150459979,1661471505815075006,2,1661471505815,20.3463,1,1661,0.331228,17.7886,15.521371,17.8388,0.120132,0.0069919005,0.014885616,0.0529,59.8991748,50.278093,0.712857,t17_f5_c3,17.8087,0.062,False,True,False,correction_1.0.6,0.0,1.685476755815015e+18,,,ZTF17aaaaaal
ztf,59415.47391200019,1661473915815015006,2,1661473915815,20.296595,1,1661,0.43717942,17.902037,15.534801,17.9304,0.100319825,100.0,0.011336846,0.0583,59.8990495,50.2780123,0.7128571,t17_f5_c3,17.9466,0.0715,True,True,False,correction_0.0.1,0.0,,0.87895846,742120258.0,ZTF17aaaaaal
ztf,59415.47391200019,1661473915815075006,2,1661473915815,20.2966,1,1661,0.437179,17.902,15.534797,17.9304,0.10032,100.0,0.011337201,0.0583,59.8990495,50.2780123,0.712857,t17_f5_c3,17.9466,0.0715,False,True,False,correction_1.0.6,0.0,1.685476755815015e+18,,,ZTF17aaaaaal
ztf,59415.47631940013,1661476315815015006,2,1661476315815,20.310259,1,1661,0.37256622,17.768984,15.518921,17.9137,0.09259682,100.0,0.011656575,0.0574,59.8991814,50.2780683,0.78571427,t17_f5_c3,17.9344,0.0708,True,True,False,correction_0.0.1,0.0,,0.7381164,742120258.0,ZTF17aaaaaal
ztf,59415.47631940013,1661476315815075006,2,1661476315815,20.3103,1,1661,0.372566,17.769,15.518923,17.9137,0.092597,100.0,0.011656455,0.0574,59.8991814,50.2780683,0.785714,t17_f5_c3,17.9344,0.0708,False,True,False,correction_1.0.6,0.0,1.685476755815015e+18,,,ZTF17aaaaaal
ztf,59415.47872690018,1661478725815015004,2,1661478725815,20.26006,1,1661,0.3573062,17.842611,15.52792,17.9258,0.12186337,0.005842568,0.014454281,0.0601,59.8990471,50.2780339,0.73142856,t17_f5_c3,17.9461,0.0743,True,True,False,correction_0.0.1,0.0,,0.8649461,742120258.0,ZTF17aaaaaal
ztf,59415.47872690018,1661478725815075004,2,1661478725815,20.2601,1,1661,0.357306,17.8426,15.527918,17.9258,0.121863,0.005842828,0.014454371,0.0601,59.8990471,50.2780339,0.731429,t17_f5_c3,17.9461,0.0743,False,True,False,correction_1.0.6,0.0,1.685476755815015e+18,,,ZTF17aaaaaal
ztf,59415.48113430012,1661481135815015010,2,1661481135815,20.289995,1,1661,0.02748149,17.747543,15.516198,17.7944,0.14878456,0.013858364,0.019055484,0.0526,59.8990355,50.2781421,0.47428572,t17_f5_c3,17.7771,0.0627,True,True,False,correction_0.0.1,0.0,,0.66589695,742120258.0,ZTF17aaaaaal
ztf,59415.48113430012,1661481135815075010,2,1661481135815,20.29,1,1661,0.027481,17.7475,15.516193,17.7944,0.148785,0.013859427,0.01905621,0.0526,59.8990355,50.2781421,0.474286,t17_f5_c3,17.7771,0.0627,False,True,False,correction_1.0.6,0.0,1.685476755815015e+18,,,ZTF17aaaaaal
ztf,59436.47253469983,1682472535815010009,2,1682472535815,20.6061,-1,1682,0.986757,18.555,15.743587,18.7351,0.224507,0.0048948815,0.016852498,0.1007,59.8986641,50.2779987,0.318571,t17_f5_c3,18.9367,0.1448,False,True,False,correction_1.0.6,0.0,1.685476755815015e+18,,,ZTF17aaaaaal
ztf,59439.4767593001,1685476755815015010,2,1685476755815,20.345255,1,1685,0.11795519,17.863968,15.530431,17.8125,0.1335103,0.008161698,0.015563238,0.0507,59.8990898,50.2781139,0.81142855,t17_f5_c3,17.824,0.0613,True,True,False,correction_1.0.6,0.0,,0.9821776,742120258.0,ZTF17aaaaaal
ztf,59444.48197920015,1690481975815015018,2,1690481975815,20.417753,1,1690,0.15552966,17.929182,15.537834,17.9622,0.14565104,0.009007573,0.016098095,0.0537,59.8990221,50.278095,0.66571426,t17_f5_c3,17.9555,0.0631,True,True,False,correction_1.0.6,0.0,,0.9855953,742120258.0,ZTF17aaaaaal
ztf,59451.48603009991,1697486035815010005,2,1697486035815,20.018768,-1,1697,0.44915614,18.557678,15.743385,18.9685,0.16583014,100.0,0.012414989,0.1765,59.8988964,50.2780521,0.41142857,t17_f5_c3,18.9891,0.2242,True,True,False,correction_1.0.6,0.0,,0.13323513,742120258.0,ZTF17aaaaaal
ztf,59461.47780090012,1707477805815010005,2,1707477805815,20.742645,-1,1707,0.21113029,18.385237,15.757468,18.8229,0.0804782,100.0,0.00715436,0.0939,59.8991382,50.2781307,0.40428573,t17_f5_c3,18.7284,0.1036,True,True,False,correction_1.0.6,0.0,,0.3847031,742120258.0,ZTF17aaaaaal
ztf,59461.47780090012,1707477805815010006,2,1707477805815,20.7426,-1,1707,0.354726,18.3238,15.763102,18.7261,0.210128,0.011192165,0.019870326,0.0898,59.8991993,50.2781185,0.385714,t17_f5_c3,18.6878,0.1031,False,True,False,correction_1.0.6,0.0,1.709448845815015e+18,,,ZTF17aaaaaal
ztf,59463.44884259999,1709448845815015009,1,1709448845815,20.755274,1,1709,0.43982023,19.070198,16.414597,19.3928,0.13230596,100.0,0.011464062,0.1308,59.8991115,50.278036,0.7385714,t17_f5_c3,19.3185,0.1475,True,True,False,correction_1.0.6,0.0,,0.9714416,742120158.0,ZTF17aaaaaal
ztf,59463.47460650001,1709474605815015005,2,1709474605815,20.568151,1,1709,0.1429309,17.798096,15.522543,17.8328,0.06560418,100.0,0.008066971,0.0427,59.8990652,50.2780973,0.86714286,t17_f5_c3,17.8803,0.0525,True,True,False,correction_1.0.6,0.0,,0.9999499,742120258.0,ZTF17aaaaaal
ztf,59466.469548599795,1712469545815010011,2,1712469545815,20.6946,-1,1712,0.812384,18.3981,15.756331,18.637,0.255163,0.015336814,0.02239291,0.085,59.8987323,50.2780232,0.377143,t17_f5_c3,18.6617,0.1031,False,True,False,correction_1.0.6,0.0,1.71647151581501e+18,,,ZTF17aaaaaal
ztf,59470.471516199876,1716471515815010011,2,1716471515815,20.7126,-1,1716,0.313487,18.2739,15.767941,18.5071,0.073231,100.0,0.0072830264,0.0718,59.8990076,50.2782216,0.531429,t17_f5_c3,18.4662,0.0829,False,True,False,correction_1.0.6,0.0,1.718428285815015e+18,,,ZTF17aaaaaal
ztf,59470.471516199876,1716471515815010012,2,1716471515815,20.71261,-1,1716,0.14218031,18.253601,15.769981,18.5409,0.08961267,100.0,0.009097486,0.0765,59.8990617,50.278176,0.51285714,t17_f5_c3,18.5471,0.0913,True,True,False,correction_1.0.6,0.0,,0.35143566,742120258.0,ZTF17aaaaaal
ztf,59472.42828699993,1718428285815015004,1,1718428285815,20.600073,1,1718,0.9291818,19.236254,16.42802,19.3877,0.17235224,100.0,0.012975487,0.132,59.8992876,50.277945,0.7714286,t17_f5_c3,19.4271,0.1658,True,True,False,correction_1.0.6,0.0,,0.9995165,742120158.0,ZTF17aaaaaal
ztf,59472.48818290001,1718488185815015009,2,1718488185815,20.616255,1,1718,0.123693585,18.032478,15.5487795,17.9885,0.12563758,100.0,0.012753815,0.0487,59.8990013,50.2781192,0.63857144,t17_f5_c3,18.0055,0.0582,True,True,False,correction_1.0.6,0.0,,0.9175614,742120258.0,ZTF17aaaaaal
ztf,59487.33875000011,1733338755815015006,2,1733338755815,20.115946,1,1733,0.1520949,17.78602,15.521051,17.7792,0.06779796,100.0,0.008418388,0.0519,59.8989889,50.2781158,0.9,t17_f5_c3,17.7762,0.063,True,True,False,correction_1.0.6,0.0,,0.9999275,742120258.0,ZTF17aaaaaal
ztf,59496.40737270005,1742407375815015009,2,1742407375815,20.354261,1,1742,0.11220098,17.75966,15.517743,17.7266,0.061430026,100.0,0.007791366,0.0439,59.8989991,50.2781314,0.9257143,t17_f5_c3,17.7212,0.0523,True,True,False,correction_1.0.6,0.0,,0.9999876,742120258.0,ZTF17aaaaaal
ztf,59498.363495400175,1744363495815010004,2,1744363495815,20.6127,-1,1744,0.477551,18.3148,15.763957,18.5572,0.24004,0.015958926,0.022905838,0.0836,59.898882,50.2780531,0.372857,t17_f5_c3,18.5739,0.102,False,True,False,correction_1.0.6,0.0,1.771308685815015e+18,,,ZTF17aaaaaal
ztf,59504.46873839991,1750468735815010005,2,1750468735815,20.7357,-1,1750,0.857329,18.3361,15.761946,18.5679,0.315491,0.024479998,0.02946629,0.0784,59.8987487,50.2779892,0.388571,t17_f5_c3,18.5632,0.0929,False,True,False,correction_1.0.6,0.0,1.771308685815015e+18,,,ZTF17aaaaaal
ztf,59512.32577549992,1758325775815010008,2,1758325775815,19.9899,-1,1758,0.792423,18.6942,15.733824,19.0019,0.14161,100.0,0.009267082,0.1787,59.8987835,50.2779901,0.458571,t17_f5_c3,19.1517,0.2557,False,True,False,correction_1.0.6,0.0,1.771308685815015e+18,,,ZTF17aaaaaal
ztf,59523.26008100016,1769260085815010003,2,1769260085815,20.6984,-1,1769,0.78778,18.3797,15.757961,18.5061,0.258386,0.016324554,0.023097966,0.0758,59.8987194,50.2780607,0.36,t17_f5_c3,18.5248,0.0922,False,True,False,correction_1.0.6,0.0,1.771308685815015e+18,,,ZTF17aaaaaal
ztf,59525.30868060002,1771308685815015008,2,1771308685815,20.62485,1,1771,0.12936348,17.779123,15.520192,17.7685,0.12222139,0.0077826134,0.015260712,0.0408,59.8990459,50.2781724,0.6342857,t17_f5_c3,17.7467,0.0473,True,True,False,correction_1.0.6,0.0,,0.9830756,742120258.0,ZTF17aaaaaal
ztf,59527.35097219981,1773350975815010002,2,1773350975815,20.0054,-1,1773,0.414338,18.4888,15.748722,18.7223,0.219917,0.0069471505,0.017629,0.1566,59.8989634,50.2780322,0.368571,t17_f5_c3,18.8126,0.2104,False,True,False,correction_1.0.6,0.0,1.77834461581501e+18,,,ZTF17aaaaaal
ztf,59530.352939799894,1776352935815015006,2,1776352935815,20.299,1,1776,0.213858,17.8578,15.52971,17.8565,0.075054,100.0,0.008793019,0.0446,59.8990645,50.2781945,0.875714,t17_f5_c3,17.8234,0.0513,False,True,False,correction_1.0.6,0.0,1.77834461581501e+18,,,ZTF17aaaaaal
ztf,59532.34461810021,1778344615815010010,2,1778344615815,20.313898,-1,1778,0.06929773,18.352804,15.760399,18.7052,0.09226938,100.0,0.008474136,0.111,59.8990453,50.2781183,0.5385714,t17_f5_c3,18.6871,0.1349,True,True,False,correction_1.0.6,0.0,,0.7196853,742120258.0,ZTF17aaaaaal
ztf,59532.34461810021,1778344615815010011,2,1778344615815,20.313898,-1,1778,0.20745972,18.365065,15.759279,18.6911,0.09372363,100.0,0.008502274,0.1114,59.8990993,50.27809,0.56142855,t17_f5_c3,18.6696,0.1341,True,True,False,correction_1.0.6,0.0,,0.7196853,742120258.0,ZTF17aaaaaal
ztf,59622.28274310008,1868282745815010004,2,1868282745815,19.3064,-1,1868,0.7995928,18.290438,15.766311,18.8356,0.13272394,100.0,0.012980706,0.2124,59.8987469,50.2780173,0.67,t17_f5_c3,18.8244,0.2658,True,True,False,correction_1.0.6,0.0,,0.90177006,742120258.0,ZTF17aaaaaal
ztf,59640.14181709988,1886141815815015009,2,1886141815815,20.329813,1,1886,0.05582349,18.310266,15.57395,18.2301,0.16271307,100.0,0.013088678,0.0714,59.899046,50.2781222,0.64285713,t17_f5_c3,18.2159,0.0855,True,True,False,correction_1.0.6,0.0,,0.9488815,742120258.0,ZTF17aaaaaal
ztf,59763.4754745001,2009475475815015003,2,2009475475815,19.511158,1,2009,0.22491919,17.720972,15.512759,17.8028,0.06936926,100.0,0.009075735,0.069,59.8989831,50.278087,0.85714287,t17_f5_c3,17.764,0.0829,True,True,False,dev,0.0,,0.9999286,742120258.0,ZTF17aaaaaal
ztf,59763.47784719989,2009477845815015003,2,2009477845815,19.472033,1,2009,0.22084728,17.607985,15.497291,17.8297,0.09779231,0.005541396,0.013996749,0.0787,59.8991104,50.2780914,0.86714286,t17_f5_c3,17.7812,0.0943,True,True,False,dev,0.0,,0.9998963,742120258.0,ZTF17aaaaaal
ztf,59763.480208300054,2009480205815015001,2,2009480205815,19.275696,1,2009,0.45033285,17.60137,15.496342,17.63,0.07364108,100.0,0.010595191,0.0752,59.8988621,50.2781843,0.9057143,t17_f5_c3,17.7241,0.1034,True,True,False,dev,0.0,,0.99990344,742120258.0,ZTF17aaaaaal
ztf,59763.482580999844,2009482585815015003,2,2009482585815,18.982132,1,2009,0.13966602,17.635931,15.501246,17.7623,0.0851335,100.0,0.011918643,0.1007,59.8990555,50.2780973,0.8585714,t17_f5_c3,17.7466,0.1259,True,True,False,dev,0.0,,0.9998064,742120258.0,ZTF17aaaaaal
ztf,59765.47750000004,2011477505815010008,2,2011477505815,19.78326,-1,2011,0.16175614,18.309147,15.764498,18.7113,0.13870388,100.0,0.013311559,0.1593,59.89903,50.2780919,0.76714283,t17_f5_c3,18.7547,0.208,True,True,False,dev,0.0,,0.9843756,742120258.0,ZTF17aaaaaal
ztf,59766.483854200225,2012483855815010003,2,2012483855815,19.1954,-1,2012,0.341739,18.3459,15.761035,19.1871,0.22466,0.012772508,0.02077686,0.3594,59.8990038,50.2782284,0.522857,t17_f5_c3,19.1723,0.4507,False,True,False,dev,0.0,2.014481505815015e+18,,,ZTF17aaaaaal
ztf,59768.48150460003,2014481505815015003,1,2014481505815,19.691168,1,2014,0.66522944,19.010675,16.409307,18.7776,0.2003206,0.0058908416,0.018246448,0.1839,59.8992624,50.2780335,0.7228571,t17_f5_c3,18.7825,0.2348,True,True,False,dev,0.0,,0.93884623,742120158.0,ZTF17aaaaaal
ztf,59775.4773380002,2021477335815010003,2,2021477335815,19.621893,-1,2021,0.6722576,18.614841,15.739224,18.7779,0.17146534,100.0,0.012131922,0.2066,59.898812,50.2780213,0.36857143,t17_f5_c3,18.6561,0.2335,True,True,False,dev,0.0,,0.7831011,742120258.0,ZTF17aaaaaal
ztf,59813.424305600114,2059424305815010006,2,2059424305815,20.013527,-1,2059,0.7939372,18.879194,15.722749,18.7724,0.1389626,100.0,0.0075913644,0.1144,59.8991512,50.2779232,0.79571426,t17_f5_c3,18.7496,0.1362,True,True,False,dev,0.0,,0.9617074,742120258.0,ZTF17aaaaaal
ztf,59815.48462959984,2061484625815015009,2,2061484625815,20.615969,1,2061,0.404244,18.13108,15.558391,18.1354,0.14900449,0.003052327,0.013935524,0.0572,59.8989255,50.2780493,0.60714287,t17_f5_c3,18.1588,0.0691,True,True,False,dev,0.0,,0.8839723,742120258.0,ZTF17aaaaaal
ztf,59817.48513890011,2063485135815010003,2,2063485135815,20.6732,-1,2063,1.03338,18.5946,15.740671,18.9743,0.261434,0.009871819,0.018870797,0.1195,59.8986559,50.2779916,0.322857,t17_f5_c3,18.9912,0.1445,False,True,False,dev,0.0,2.06947432581501e+18,,,ZTF17aaaaaal
ztf,59823.47432869999,2069474325815010006,2,2069474325815,20.481085,-1,2069,0.41605482,19.048319,15.714227,19.0344,0.11663325,100.0,0.005409856,0.1305,59.8990076,50.2780216,0.51857144,t17_f5_c3,19.0896,0.1645,True,True,False,dev,0.0,,0.7051418,742120258.0,ZTF17aaaaaal
ztf,59825.46910879994,2071469105815015012,1,2071469105815,20.656563,1,2071,0.4959519,19.007929,16.409058,19.2304,0.1342955,100.0,0.012260624,0.1194,59.899185,50.2780498,0.8314286,t17_f5_c3,19.3171,0.1563,True,True,False,dev,0.0,,0.93510836,742120158.0,ZTF17aaaaaal
ztf,59827.46792820003,2073467925815010008,2,2073467925815,20.514112,-1,2073,0.6080004,18.516129,15.746561,18.4464,0.13911888,100.0,0.010853232,0.0764,59.8988113,50.2780567,0.41857144,t17_f5_c3,18.3867,0.0868,True,True,False,dev,0.0,,0.8206804,742120258.0,ZTF17aaaaaal
ztf,59839.4490278,2085449025815015007,1,2085449025815,20.257149,1,2085,0.6798447,19.156054,16.421772,19.3984,0.12362579,100.0,0.009963147,0.1861,59.8992404,50.2780113,0.85142857,t17_f5_c3,19.1554,0.1859,True,True,False,dev,0.0,,0.968817,742120158.0,ZTF17aaaaaal
ztf,59846.45041669998,2092450415815010007,2,2092450415815,20.6287,-1,2092,0.887779,18.413,15.755034,18.5854,0.236034,0.01228308,0.020407422,0.0844,59.8987285,50.2779927,0.37,t17_f5_c3,18.5973,0.1025,False,True,False,dev,0.0,2.100404565815015e+18,,,ZTF17aaaaaal
ztf,59852.4462036998,2098446205815010013,1,2098446205815,20.9582,-1,2098,1.00482,19.5719,16.579908,19.6776,0.301438,100.0,0.019160269,0.152,59.8986912,50.2779708,0.374286,t17_f5_c3,19.6983,0.1856,False,True,False,dev,0.0,2.100404565815015e+18,,,ZTF17aaaaaal
ztf,59854.40456019994,2100404565815015011,1,2100404565815,20.790762,1,2100,0.81912655,19.484528,16.444859,19.6448,0.16298679,100.0,0.00991482,0.1573,59.8991506,50.2779356,0.74714285,t17_f5_c3,19.5609,0.1755,True,True,False,dev,0.0,,0.94473976,742120158.0,ZTF17aaaaaal
ztf,59858.49592590006,2104495925815015013,2,2104495925815,20.751305,1,2104,0.17559549,17.919369,15.536745,17.9152,0.11042567,100.0,0.012303273,0.043,59.8990597,50.2780877,0.7014286,t17_f5_c3,17.9512,0.0517,True,True,False,dev,0.0,,0.9486642,742120258.0,ZTF17aaaaaal
ztf,59860.432384300046,2106432385815010006,2,2106432385815,20.0866,-1,2106,0.889679,18.6443,15.73717,18.5206,0.258495,0.007658616,0.017766425,0.1188,59.8994376,50.2781695,0.352857,t17_f5_c3,18.527,0.149,False,True,False,1.1.6,0.0,2.118395545815015e+18,,,ZTF17aaaaaal
ztf,59865.39064810006,2111390645815010002,2,2111390645815,19.6927,-1,2111,0.45371,18.6193,15.73891,18.4686,0.19125,100.0,0.013472402,0.1325,59.8989113,50.2780408,0.532857,t17_f5_c3,18.402,0.1568,False,True,False,1.1.6,0.0,2.118395545815015e+18,,,ZTF17aaaaaal
ztf,59872.39554399997,2118395545815015016,2,2118395545815,20.325384,1,2118,0.41474584,18.537636,15.590578,18.6891,0.12758252,100.0,0.008452168,0.1022,59.8992118,50.2780982,0.8657143,t17_f5_c3,18.6499,0.1189,True,True,False,1.1.6,0.0,,0.62939787,742120258.0,ZTF17aaaaaal
ztf,59880.348217600025,2126348215815010004,2,2126348215815,20.351442,-1,2126,0.6061983,18.467987,15.750408,18.5317,0.117970556,100.0,0.0096547725,0.0853,59.899034,50.2779658,0.82857144,t17_f5_c3,18.4672,0.0972,True,True,False,1.1.6,0.0,,0.93981624,742120258.0,ZTF17aaaaaal
ztf,59882.36546299979,2128365465815015008,2,2128365465815,20.100126,1,2128,0.047005706,17.944344,15.539499,17.8899,0.114231355,100.0,0.012469462,0.0663,59.8990674,50.2781312,0.6785714,t17_f5_c3,17.8801,0.0804,True,True,False,1.1.6,0.0,,0.98926145,742120258.0,ZTF17aaaaaal
ztf,59887.287696800195,2133287695815015008,1,2133287695815,19.7664,1,2133,0.293,18.9857,16.40701,19.0304,0.170057,100.0,0.015816763,0.173,59.8991495,50.2781834,0.937143,t17_f5_c3,19.1884,0.2525,False,True,False,1.1.6,0.0,2.133432655815015e+18,,,ZTF17aaaaaal
ztf,59887.43265049998,2133432655815015012,2,2133432655815,20.231918,1,2133,0.1488311,17.838142,15.527389,17.768,0.11017132,100.0,0.013114961,0.0455,59.8990157,50.2781728,0.92142856,t17_f5_c3,17.7529,0.0538,True,True,False,1.1.6,0.0,,0.99998367,742120258.0,ZTF17aaaaaal
ztf,59894.31069440022,2140310695815010009,2,2140310695815,19.32989,-1,2140,0.3033118,18.81246,15.726516,18.6689,0.15230253,100.0,0.008878291,0.1614,59.8989225,50.278169,0.81285715,t17_f5_c3,18.8727,0.2453,True,True,False,1.1.6,0.0,,0.9566999,742120258.0,ZTF17aaaaaal
ztf,59896.32055559987,2142320555815015009,2,2142320555815,19.5741,1,2142,0.665935,18.3793,15.579344,18.3527,0.187357,0.0031390488,0.01421306,0.1095,59.8990866,50.2783216,0.767143,t17_f5_c3,18.3592,0.1373,False,True,False,1.1.6,0.0,2.152278445815015e+18,,,ZTF17aaaaaal
ztf,59902.36825230019,2148368255815015006,2,2148368255815,19.8696,1,2148,1.04501,18.8446,15.6084385,18.8183,0.172039,100.0,0.00873297,0.1165,59.8988948,50.2784138,0.645714,t17_f5_c3,18.8342,0.1432,False,True,False,1.1.6,0.0,2.152278445815015e+18,,,ZTF17aaaaaal
ztf,59906.27844909998,2152278445815015014,1,2152278445815,20.572424,1,2152,0.4148037,18.892284,16.397972,19.1184,0.1576121,100.0,0.015844004,0.1124,59.8991716,50.2780745,0.79285717,t17_f5_c3,19.1898,0.1465,True,True,False,1.1.6,0.0,,0.84632695,742120158.0,ZTF17aaaaaal
ztf,59906.317465300206,2152317465815015009,2,2152317465815,20.546247,1,2152,0.109092176,17.795254,15.522193,17.836,0.074714266,100.0,0.009208297,0.0453,59.8990082,50.2781182,0.7285714,t17_f5_c3,17.8225,0.0533,True,True,False,1.1.6,0.0,,0.70572627,742120258.0,ZTF17aaaaaal
ztf,59913.26015050011,2159260155815010012,2,2159260155815,20.030846,-1,2159,0.19544832,18.455425,15.751443,18.5091,0.12004217,100.0,0.009948114,0.0931,59.8989611,50.2781259,0.85571426,t17_f5_c3,18.5678,0.1204,True,True,False,1.1.6,0.0,,0.99957144,742120258.0,ZTF17aaaaaal
ztf,59983.11888890015,2229118885815025009,1,2229118885815,20.4788,1,2229,0.401054,19.1756,16.423334,19.5817,0.239921,0.00745938,0.019017877,0.1878,59.899133,50.2782422,0.658571,t17_f5_c3,19.7669,0.2743,False,True,False,1.1.6,0.0,2.23116251581501e+18,,,ZTF17aaaaaal
ztf,59985.16251160018,2231162515815010005,2,2231162515815,19.822716,-1,2231,0.834194,18.051111,15.792818,18.5337,0.1272771,100.0,0.015901316,0.0935,59.8990945,50.2779057,0.61,t17_f5_c3,18.5082,0.1118,True,True,False,1.1.6,0.0,,0.977812,742120258.0,ZTF17aaaaaal
ztf,60021.15239580022,2267152395815015006,2,2267152395815,19.972357,1,2267,0.28853652,17.895525,15.534062,17.8741,0.13574311,0.00781343,0.015421721,0.0632,59.8989451,50.2781857,0.8,t17_f5_c3,17.839,0.0754,True,True,False,1.1.6,0.0,,0.9783393,742120258.0,ZTF17aaaaaal
ztf,60021.206192099955,2267206195815010144,1,2267206195815,19.00169,-1,2267,0.8927911,18.000772,16.831202,18.3615,0.17800856,0.055009045,0.060619567,0.1887,59.8986701,50.2780515,0.42285714,t17_f5_c3,18.537,0.2826,True,True,False,1.1.6,0.0,,0.40551722,742120158.0,ZTF17aaaaaal
ztf,60128.47769680014,2374477695815010003,2,2374477695815,19.00407,-1,2374,0.55656344,18.397673,15.75637,18.4915,0.1275039,100.0,0.011194435,0.2313,59.8988158,50.2780818,0.8814286,t17_f5_c3,18.6996,0.3573,True,True,False,1.2.0,0.0,,0.9944527,742120258.0,ZTF17aaaaaal
ztf,60128.48006939981,2374480065815010001,2,2374480065815,18.854137,-1,2374,0.46150205,18.240734,15.771296,18.7271,0.16146538,0.0014642044,0.016607493,0.3016,59.898916,50.2780388,0.7728571,t17_f5_c3,18.7027,0.3764,True,True,False,1.2.0,0.0,,0.993693,742120258.0,ZTF17aaaaaal
ztf,60133.48089119978,2379480895815010004,2,2379480895815,19.656431,-1,2379,0.77124596,18.372086,15.758645,18.4008,0.15400857,100.0,0.013872944,0.1413,59.8988221,50.2779699,0.40428573,t17_f5_c3,18.4155,0.1809,True,True,False,1.2.0,0.0,,0.7867269,742120258.0,ZTF17aaaaaal
ztf,60139.46828699997,2385468285815015004,2,2385468285815,19.8936,1,2385,0.64829,17.7888,15.521396,18.0292,0.16505,0.015666025,0.020448154,0.0775,59.8988353,50.2782595,0.604286,t17_f5_c3,18.0186,0.0949,False,True,False,1.2.0,0.0,2.385478125815015e+18,,,ZTF17aaaaaal
ztf,60139.47812499991,2385478125815015002,2,2385478125815,19.939945,1,2385,0.22877574,17.893509,15.5338335,18.0917,0.12035654,0.0032985148,0.01369618,0.0847,59.8989854,50.2781877,0.7714286,t17_f5_c3,18.105,0.1063,True,True,False,1.2.0,0.0,,0.95494705,742120258.0,ZTF17aaaaaal
ztf,60141.46861110022,2387468615815010002,2,2387468615815,20.066755,-1,2387,0.677408,18.49653,15.748105,18.6437,0.10859799,100.0,0.008638763,0.1186,59.8989495,50.277956,0.6342857,t17_f5_c3,18.5324,0.1317,True,True,False,1.2.0,0.0,,0.7472602,742120258.0,ZTF17aaaaaal
ztf,60141.47363429982,2387473635815010004,2,2387473635815,20.2217,-1,2387,0.441054,18.7036,15.7332115,18.6604,0.231872,100.0,0.015034631,0.118,59.8988935,50.2780633,0.427143,t17_f5_c3,18.5546,0.1313,False,True,False,1.2.0,0.0,2.38747866581501e+18,,,ZTF17aaaaaal
ztf,60141.476157399826,2387476155815010005,2,2387476155815,20.195656,-1,2387,0.3637332,18.38883,15.757149,18.7964,0.18387467,100.0,0.016287316,0.1365,59.8992041,50.2781218,0.4485714,t17_f5_c3,18.8216,0.1718,True,True,False,1.2.0,0.0,,0.12087506,742120258.0,ZTF17aaaaaal
ztf,60141.47866899986,2387478665815010009,2,2387478665815,20.162859,-1,2387,0.72919166,18.381147,15.757833,18.7187,0.17546786,100.0,0.015662879,0.1317,59.8988636,50.2779701,0.39285713,t17_f5_c3,18.9174,0.195,True,True,False,1.2.0,0.0,,0.32641858,742120258.0,ZTF17aaaaaal
ztf,60142.474062500056,2388474065815010003,2,2388474065815,20.248066,-1,2388,0.70240957,18.17431,15.778364,18.434,0.11776494,100.0,0.012960967,0.0957,59.898771,50.2780588,0.41142857,t17_f5_c3,18.4769,0.1221,True,True,False,1.2.0,0.0,,0.24564976,742120258.0,ZTF17aaaaaal
ztf,60142.4790856,2388479085815010002,2,2388479085815,20.07403,-1,2388,0.46540767,18.371649,15.758684,18.51,0.14092071,100.0,0.0126995705,0.1122,59.8990396,50.2780053,0.7157143,t17_f5_c3,18.6134,0.1527,True,True,False,1.2.0,0.0,,0.951113,742120258.0,ZTF17aaaaaal
ztf,60144.47353010019,2390473535815015007,2,2390473535815,20.43687,1,2390,0.29410762,17.76165,15.517995,17.8718,0.14300798,0.012502695,0.01810916,0.052,59.899064,50.2780558,0.4457143,t17_f5_c3,17.8501,0.0614,True,True,False,1.2.0,0.0,,0.56187415,742120258.0,ZTF17aaaaaal
ztf,60144.47600689996,2390476005815015006,2,2390476005815,20.410538,1,2390,0.15315132,17.890442,15.5334835,17.8265,0.18987139,0.017105635,0.02166089,0.051,59.8989885,50.2781175,0.55,t17_f5_c3,17.8284,0.0616,True,True,False,1.2.0,0.0,,0.67665565,742120258.0,ZTF17aaaaaal
ztf,60159.466261600144,2405466265815015003,2,2405466265815,19.6137,1,2405,0.419474,18.0346,15.548995,18.2962,0.137397,0.0034846067,0.013923086,0.1121,59.8991722,50.2782221,0.842857,t17_f5_c3,18.2476,0.1342,False,True,False,1.2.0,0.0,2.428477855815015e+18,,,ZTF17aaaaaal
ztf,60182.477858799975,2428477855815015008,2,2428477855815,20.456228,1,2428,0.09793917,17.917536,15.536541,17.9297,0.13459648,0.006926487,0.015018817,0.0487,59.8990923,50.2781344,0.76428574,t17_f5_c3,17.9101,0.0569,True,True,False,1.2.0,0.0,,0.9818511,742120258.0,ZTF17aaaaaal
ztf,60187.45085649984,2433450855815015007,2,2433450855815,19.656467,1,2433,0.11085352,17.79067,15.521627,17.986,0.1157179,0.0056687975,0.014314736,0.0966,59.8990087,50.2781146,0.7814286,t17_f5_c3,17.9997,0.1231,True,True,False,1.2.0,0.0,,0.985228,742120258.0,ZTF17aaaaaal
ztf,60192.44631939987,2438446315815015004,2,2438446315815,20.113337,1,2438,0.24818724,17.752125,15.516785,17.8283,0.16277231,0.016129682,0.020770375,0.059,59.8991094,50.2780775,0.5442857,t17_f5_c3,17.8681,0.0753,True,True,False,1.2.0,0.0,,0.6220517,742120258.0,ZTF17aaaaaal
ztf,60221.345625000075,2467345625815015009,2,2467345625815,19.663807,1,2467,0.6184718,18.284657,15.571867,18.2479,0.11044099,100.0,0.009078511,0.1048,59.899294,50.2780687,0.9042857,t17_f5_c3,18.1117,0.1157,True,True,False,1.2.1,0.0,,0.9772794,742120258.0,ZTF17aaaaaal
ztf,60223.453923599795,2469453925815010009,2,2469453925815,20.1003,-1,2469,0.534622,18.3215,15.763319,18.5905,0.1649,100.0,0.01562961,0.1064,59.8990495,50.2779848,0.438571,t17_f5_c3,18.5468,0.1259,False,True,False,1.2.1,0.0,2.481436385815015e+18,,,ZTF17aaaaaal
ztf,60235.43638890004,2481436385815015007,2,2481436385815,20.62771,1,2481,0.056636214,17.894848,15.533986,17.8128,0.10690894,100.0,0.012152597,0.0422,59.8990258,50.2781285,0.7985714,t17_f5_c3,17.7907,0.0488,True,True,False,1.2.1,0.0,,0.9471841,742120258.0,ZTF17aaaaaal
ztf,60237.391701399814,2483391705815010004,2,2483391705815,20.647383,-1,2483,0.49764872,18.402416,15.755954,18.5723,0.2114989,0.0086893365,0.018480903,0.081,59.8988533,50.2780724,0.38714287,t17_f5_c3,18.5512,0.0949,True,True,False,1.2.1,0.0,,0.39118037,742120258.0,ZTF17aaaaaal
ztf,60239.40401619999,2485404015815015013,2,2485404015815,20.406328,1,2485,0.24548107,18.265177,15.570252,18.3567,0.11583973,100.0,0.00968028,0.0708,59.8991532,50.2781418,0.85571426,t17_f5_c3,18.3856,0.0867,True,True,False,1.2.1,0.0,,0.97304,742120258.0,ZTF17aaaaaal
ztf,60244.327731499914,2490327735815015008,2,2490327735815,19.6944,1,2490,0.292128,17.9286,15.53777,17.8821,0.123221,0.002768247,0.013625504,0.0797,59.899146,50.2781894,0.851429,t17_f5_c3,17.94,0.1054,False,True,False,1.2.1,0.0,2.490408315815015e+18,,,ZTF17aaaaaal
ztf,60244.40831020009,2490408315815015009,1,2490408315815,19.564337,1,2490,0.26122317,19.047663,16.412624,18.8652,0.18781735,100.0,0.01658519,0.1947,59.8991138,50.2781001,0.9242857,t17_f5_c3,18.9213,0.2608,True,True,False,1.2.1,0.0,,0.9913074,742120158.0,ZTF17aaaaaal
ztf,60249.4482522998,2495448255815015006,2,2495448255815,19.3777,1,2495,0.568129,17.7291,15.513819,17.7224,0.11022,0.005911623,0.014326768,0.0693,59.8990297,50.2782956,0.822857,t17_f5_c3,17.646,0.0809,False,True,False,1.2.1,0.0,2.509437145815015e+18,,,ZTF17aaaaaal
ztf,60259.405775499996,2505405775815015005,1,2505405775815,20.2838,1,2505,0.092026,19.3561,16.436596,19.7266,0.234452,100.0,0.015931351,0.2055,59.8990228,50.2781771,0.875714,t17_f5_c3,19.6979,0.2466,False,True,False,1.2.1,0.0,2.509437145815015e+18,,,ZTF17aaaaaal
ztf,60261.32913189987,2507329135815010010,1,2507329135815,20.7828,-1,2507,0.749004,20.0301,16.556406,20.1153,0.463472,100.0,0.018903648,0.2604,59.8988747,50.2779655,0.404286,t17_f5_c3,20.0799,0.3079,False,True,False,1.2.1,0.0,2.509437145815015e+18,,,ZTF17aaaaaal
ztf,60263.43714120006,2509437145815015006,2,2509437145815,20.292149,1,2509,0.2930082,17.920338,15.536853,17.9311,0.124949984,0.003976287,0.013910489,0.0537,59.8989498,50.2781919,0.85142857,t17_f5_c3,17.9089,0.0635,True,True,False,1.2.1,0.0,,0.94155425,742120258.0,ZTF17aaaaaal
ztf,60290.3517593001,2536351755815010012,1,2536351755815,20.7211,-1,2536,1.25755,18.629,16.679827,18.8671,0.153823,0.012720603,0.025547702,0.0853,59.8985347,50.277995,0.315714,t17_f5_c3,19.0582,0.1246,False,True,False,23.12.x,0.0,2.56015021581501e+18,,,ZTF17aaaaaal
ztf,60314.15021990007,2560150215815010004,2,2560150215815,20.206238,-1,2560,0.5124168,18.244724,15.770886,18.6017,0.09571374,100.0,0.009804808,0.0958,59.8990783,50.2779933,0.7757143,t17_f5_c3,18.5112,0.1072,True,True,False,23.12.x,0.0,,0.9841655,742120258.0,ZTF17aaaaaal
ztf,60314.23030090006,2560230305815010006,1,2560230305815,20.204512,-1,2560,0.60717064,19.668768,16.574034,19.725,0.20345962,100.0,0.0117648,0.2104,59.898856,50.2780163,0.8842857,t17_f5_c3,19.8042,0.2804,True,True,False,23.12.x,0.0,,0.9904095,742120158.0,ZTF17aaaaaal
ztf,60323.269270800054,2569269275815010006,2,2569269275815,19.757706,-1,2569,0.4054734,18.331064,15.762418,18.5015,0.10879275,100.0,0.010212715,0.1014,59.8989273,50.2780525,0.8142857,t17_f5_c3,18.5345,0.1287,True,True,False,23.12.x,0.0,,0.99941695,742120258.0,ZTF17aaaaaal
ztf,60325.2665161998,2571266515815015028,1,2571266515815,20.32689,1,2571,0.39793292,19.387646,16.438711,19.4735,0.17990804,100.0,0.011898081,0.1686,59.8991528,50.2780724,0.8471429,t17_f5_c3,19.3608,0.1876,True,True,False,23.12.x,0.0,,0.9994112,742120158.0,ZTF17aaaaaal
ztf,60340.33048610017,2586330485815015004,2,2586330485815,19.62456,1,2586,0.56734616,18.140438,15.559262,18.0421,0.09105796,100.0,0.008449823,0.0877,59.8988438,50.2782302,0.9242857,t17_f5_c3,18.0276,0.108,True,True,False,23.12.x,0.0,,0.9982816,742120258.0,ZTF17aaaaaal
ztf,60357.220972199924,2603220975815010005,2,2603220975815,20.0028,-1,2603,0.46232206,18.313522,15.764079,18.4734,0.16477242,100.0,0.01574371,0.1134,59.8989741,50.2780148,0.53,t17_f5_c3,18.5105,0.1463,True,True,False,23.12.x,0.0,,0.59902984,742120258.0,ZTF17aaaaaal
ztf,60495.47807870014,2741478075815010006,2,2741478075815,19.44681,-1,2741,0.5033939,18.214725,15.774007,18.4888,0.16938551,0.0067071076,0.017889109,0.1549,59.8990695,50.2779953,0.78571427,t17_f5_c3,18.4246,0.1843,True,True,False,24.5.1,0.0,,0.9808814,742120258.0,ZTF17aaaaaal
ztf,60500.47049769992,2746470492615010001,2,2746470492615,19.77254,-1,2746,0.22760168,18.843,15.732159,18.7799,0.1749324,100.0,0.009966293,0.1467,59.899142,50.2781282,0.7842857,t17_f5_c3,18.8581,0.1958,True,True,False,23.12.x,0.0,,0.9995228,1780120226.0,ZTF17aaaaaal
ztf,60500.47394679999,2746473942615010002,2,2746473942615,19.751448,-1,2746,0.20774831,18.345285,15.768742,18.3891,0.1099114,100.0,0.010242956,0.1082,59.8989687,50.2780939,0.7014286,t17_f5_c3,18.3618,0.1316,True,True,False,24.5.1,0.0,,0.999308,1780120226.0,ZTF17aaaaaal
ztf,60501.47052079998,2747470522615015002,2,2747470522615,19.78235,1,2747,0.59073037,18.358429,15.584204,18.3166,0.0912209,100.0,0.0070860516,0.0983,59.8988287,50.2782251,0.87285715,t17_f5_c3,18.3877,0.1296,True,True,False,24.5.1,0.0,,0.9987369,1780120226.0,ZTF17aaaaaal
ztf,60503.474062500056,2749474062615010001,2,2749474062615,19.9251,-1,2749,0.085352,18.4381,15.760483,18.49,0.113803,100.0,0.009662881,0.12,59.8990754,50.2781423,0.688571,t17_f5_c3,18.3673,0.133,False,True,False,24.5.1,0.0,2.776453285815015e+18,,,ZTF17aaaaaal
ztf,60530.45328699984,2776453285815015013,2,2776453285815,18.884594,1,2776,0.30242696,17.66299,15.504994,17.676,0.1340312,0.013028278,0.018365705,0.1538,59.8989546,50.2780782,0.6471428,t17_f5_c3,17.6604,0.1915,True,True,False,24.5.1,0.0,,0.8067831,742120258.0,ZTF17aaaaaal
ztf,60557.4325116002,2803432515815010007,2,2803432515815,20.594416,-1,2803,0.6533924,18.506142,15.747344,18.4859,0.17111154,100.0,0.013482184,0.0777,59.898783,50.2780597,0.39142856,t17_f5_c3,18.4126,0.0869,True,True,False,24.5.1,0.0,,0.08250347,742120258.0,ZTF17aaaaaal
ztf,60559.3949190001,2805394915815015015,2,2805394915815,20.314804,1,2805,0.26507106,17.808493,15.523816,17.9632,0.1285045,0.008488254,0.015669234,0.0554,59.899143,50.2780958,0.6628571,t17_f5_c3,17.9959,0.0684,True,True,False,24.5.1,0.0,,0.9976787,742120258.0,ZTF17aaaaaal
ztf,60592.40413190005,2838404135815015012,1,2838404135815,20.438211,1,2838,0.26607606,18.897486,16.398495,19.2603,0.19121821,0.00860085,0.019139597,0.1315,59.8991319,50.2781101,0.8485714,t17_f5_c3,19.2438,0.1587,True,True,False,24.5.1,0.0,,0.9985063,742120158.0,ZTF17aaaaaal
ztf,60592.43050929997,2838430505815015011,2,2838430505815,20.39525,1,2838,0.106835656,17.786463,15.521106,17.769,0.09046513,100.0,0.011228933,0.0426,59.8990097,50.2781546,0.92285717,t17_f5_c3,17.7626,0.0503,True,True,False,24.5.1,0.0,,0.99993825,742120258.0,ZTF17aaaaaal
ztf,60681.1957291998,2927195725815010007,1,2927195725815,20.3936,-1,2927,1.60327,19.5861,,19.5082,0.224821,,,0.1909,59.8997179,50.2780444,0.427143,t17_f5_c3,19.4592,0.2277,False,False,True,26.0.1,0.0,2.943243845815015e+18,,,ZTF17aaaaaal
ztf,60697.24384259991,2943243845815015004,2,2943243845815,18.556553,1,2943,0.3713886,17.743061,15.515623,17.7997,0.11472372,0.006824396,0.014746135,0.1495,59.8992052,50.2781434,0.81285715,t17_f5_c3,17.9209,0.2121,True,True,False,26.0.1,0.0,,0.9928607,742120258.0,ZTF17aaaaaal
ztf,60699.21929399995,2945219295815010008,2,2945219295815,19.706173,-1,2945,0.9313447,18.439623,15.752763,18.6969,0.10937637,100.0,0.009208298,0.1062,59.8989621,50.2778797,0.7385714,t17_f5_c3,18.716,0.1323,True,True,False,26.0.1,0.0,,0.98694897,742120258.0,ZTF17aaaaaal
ztf,60733.162488400005,2979162485815010006,2,2979162485815,19.976503,-1,2979,0.35792315,18.347935,15.760847,18.55,0.09958612,100.0,0.00919102,0.1042,59.8990572,50.278036,0.88285714,t17_f5_c3,18.5558,0.129,True,True,False,26.0.1,0.0,,0.9997711,742120258.0,ZTF17aaaaaal
ztf,60735.13942130003,2981139425815015014,1,2981139425815,20.386444,1,2981,0.21389125,19.117983,16.418653,19.5454,0.1475967,100.0,0.01228415,0.1885,59.8990346,50.2780923,0.82714283,t17_f5_c3,19.6044,0.2455,True,True,False,26.0.1,0.0,,0.9941497,742120158.0,ZTF17aaaaaal
ztf,60757.15354169998,3003153545815010008,2,3003153545815,20.12847,-1,3003,0.66261226,18.331402,15.762385,18.3692,0.16148578,100.0,0.015154018,0.0968,59.8988459,50.2780024,0.55142856,t17_f5_c3,18.4508,0.1294,True,True,False,26.0.1,0.0,,0.39436376,742120258.0,ZTF17aaaaaal
ztf,60759.14607639983,3005146075815015005,1,3005146075815,20.05753,1,3005,0.44496202,18.840567,16.392662,19.3496,0.19911857,0.01213217,0.020890536,0.2038,59.8989312,50.2780467,0.6557143,t17_f5_c3,19.2853,0.2408,True,True,False,26.0.1,0.0,,0.90248233,742120158.0,ZTF17aaaaaal
ztf,60902.430486099795,3148430485815015006,2,3148430485815,19.840588,1,3148,0.19597936,17.836674,15.527214,17.8492,0.07823041,100.0,0.00932377,0.0646,59.898967,50.2781183,0.9,t17_f5_c3,17.8127,0.0772,True,True,False,27.5.6,0.0,,0.9996833,742120258.0,ZTF17aaaaaal
ztf,60914.486944399774,3160486945815010006,1,3160486945815,20.5105,-1,3160,0.774148,19.5942,16.578506,19.7042,0.186576,100.0,0.011603212,0.2027,59.8989215,50.2783594,0.607143,t17_f5_c3,19.6164,0.2308,False,True,False,27.5.6,0.0,3.171425205815015e+18,,,ZTF17aaaaaal
ztf,60925.42520829989,3171425205815015006,2,3171425205815,19.668558,1,3171,0.39427552,18.425615,15.582788,18.2901,0.1849285,100.0,0.01348569,0.1304,59.8990946,50.2780294,0.5642857,t17_f5_c3,18.351,0.1738,True,True,False,27.5.6,0.0,,0.47229505,742120258.0,ZTF17aaaaaal
ztf,60935.42864579987,3181428645815015011,2,3181428645815,20.4035,1,3181,0.688213,17.631,15.500555,17.8845,0.112163,0.009072549,0.015764184,0.0488,59.8991091,50.2783234,0.612857,t17_f5_c3,17.8868,0.0592,False,True,False,27.5.6,0.0,3.200417025815015e+18,,,ZTF17aaaaaal
ztf,60935.42864579987,3181428645815015012,2,3181428645815,20.4035,1,3181,0.595702,17.796,15.522285,17.8117,0.055445,100.0,0.0068293074,0.0471,59.8990786,50.2783003,0.791429,t17_f5_c3,17.7912,0.0553,False,True,False,27.5.6,0.0,3.200417025815015e+18,,,ZTF17aaaaaal
ztf,60948.40646990016,3194406465815010101,2,3194406465815,18.861217,-1,3194,0.16898844,18.06654,15.790906,18.0304,0.13294426,100.0,0.016346171,0.2005,59.8989872,50.2781102,0.74714285,t17_f5_c3,18.091,0.2683,True,True,False,27.5.6,0.0,,0.9921915,742120258.0,ZTF17aaaaaal
ztf,60954.41702549998,3200417025815015004,2,3200417025815,19.93249,1,3200,0.33664206,17.985184,15.543883,17.9071,0.16165008,0.010542278,0.01706302,0.0778,59.8991315,50.278059,0.63285714,t17_f5_c3,17.8888,0.0956,True,True,False,27.5.6,0.0,,0.5348181,742120258.0,ZTF17aaaaaal
